id,name,title,resource_type,benchmark_type,scope,tasks,modalities,paper_url,code_url,dataset_url,project_url,access,source_names,notes,review_status
advancements-in-visual-language-models-for-remote-sensing,Advancements in Visual Language Models for Remote Sensing,"Advancements in Visual Language Models for Remote Sensing: Datasets, Capabilities, and Enhancement Techniques",benchmark_dataset,Benchmark,Candidate benchmark dataset or evaluation resource for Earth observation foundation models. Needs curator review.,Vision-Language,text,https://arxiv.org/abs/2410.17283,,,,Unknown,['Awesome Remote Sensing Foundation Models'],Auto-detected from upstream lists. Verify against original paper/code/weights before moving to data/catalogue.json.,candidate
chatearthbench,ChatEarthBench,ChatEarthBench: Benchmarking multimodal large language models for Earth observation,benchmark_dataset,Benchmark,Candidate benchmark dataset or evaluation resource for Earth observation foundation models. Needs curator review.,Benchmarking EO multimodal large language models,text,https://doi.org/10.1109/mgrs.2026.3650840,,,,Unknown,['Awesome Remote Sensing Foundation Models'],Auto-detected from upstream lists. Verify against original paper/code/weights before moving to data/catalogue.json.,candidate
dynamicvl,DynamicVL,DynamicVL: Benchmarking Multimodal Large Language Models for Dynamic City Understanding,benchmark_dataset,Benchmark,Candidate benchmark dataset or evaluation resource for Earth observation foundation models. Needs curator review.,To be verified from the primary paper or benchmark description.,text,https://arxiv.org/abs/2505.21076,,,,Unknown,['Awesome Remote Sensing Foundation Models'],Auto-detected from upstream lists. Verify against original paper/code/weights before moving to data/catalogue.json.,candidate
earth-agent,Earth-Agent,Earth-Agent: Unlocking the Full Landscape of Earth Observation with Agents,benchmark_dataset,Benchmark,Candidate benchmark dataset or evaluation resource for Earth observation foundation models. Needs curator review.,Tool-augmented EO reasoning & multi-step planning & quantitative spatiotemporal analysis,Needs review,https://arxiv.org/abs/2509.23141,https://github.com/opendatalab/Earth-Agent,https://huggingface.co/datasets/Sssunset/Earth-Bench,https://huggingface.co/datasets/Sssunset/Earth-Bench,Open source,['Awesome Remote Sensing Foundation Models'],Auto-detected from upstream lists. Verify against original paper/code/weights before moving to data/catalogue.json.,candidate
fomo,FoMo,"FoMo: Multi-Modal, Multi-Scale and Multi-Task Remote Sensing Foundation Models for Forest Monitoring",benchmark_dataset,Benchmark,Candidate benchmark dataset or evaluation resource for Earth observation foundation models. Needs curator review.,To be verified from the primary paper or benchmark description.,Needs review,https://doi.org/10.1609/aaai.v39i27.35002,https://github.com/RolnickLab/FoMo-Bench,https://github.com/RolnickLab/FoMo-Bench,,Partial access,['Awesome Remote Sensing Foundation Models'],Auto-detected from upstream lists. Verify against original paper/code/weights before moving to data/catalogue.json.,candidate
fomo-bench,FoMo-Bench,"FoMo: Multi-Modal, Multi-Scale and Multi-Task Remote Sensing Foundation Models for Forest Monitoring",benchmark_dataset,Benchmark,Candidate benchmark dataset or evaluation resource for Earth observation foundation models. Needs curator review.,Classification & Segmentation & Detection for forest monitoring,Needs review,https://arxiv.org/abs/2312.10114,,,,Unknown,"['Awesome Remote Sensing Foundation Models', 'Awesome Remote Sensing Foundation Models mirror']",Auto-detected from upstream lists. Verify against original paper/code/weights before moving to data/catalogue.json.,candidate
geo-bench-vlm,GEO-Bench-VLM,GEO-Bench-VLM: Benchmarking Vision-Language Models for Geospatial Tasks,benchmark_dataset,Benchmark,Candidate benchmark dataset or evaluation resource for Earth observation foundation models. Needs curator review.,Scene Understanding & Counting & Object Classification & Event Detection & Spatial Relations,text,https://arxiv.org/abs/2411.19325,,https://github.com/The-AI-Alliance/GEO-Bench-VLM,https://github.com/The-AI-Alliance/GEO-Bench-VLM,Partial access,['Awesome Remote Sensing Foundation Models'],Auto-detected from upstream lists. Verify against original paper/code/weights before moving to data/catalogue.json.,candidate
geoagentbench,GeoAgentBench,GeoAgentBench: A Dynamic Execution Benchmark for Tool-Augmented Agents in Spatial Analysis,benchmark_dataset,Benchmark,Candidate benchmark dataset or evaluation resource for Earth observation foundation models. Needs curator review.,Dynamic execution evaluation for tool-augmented GIS agents,Needs review,https://arxiv.org/abs/2604.13888,,,,Unknown,['Awesome Remote Sensing Foundation Models'],Auto-detected from upstream lists. Verify against original paper/code/weights before moving to data/catalogue.json.,candidate
georeason,GeoReason,GeoReason: Aligning Thinking And Answering In Remote Sensing Vision-Language Models Via Logical Consistency Reinforcement Learning,benchmark_dataset,Benchmark,Candidate benchmark dataset or evaluation resource for Earth observation foundation models. Needs curator review.,Logical consistency & multi-step reasoning,text,https://arxiv.org/abs/2601.04118,https://github.com/canlanqianyan/GeoReason,https://github.com/canlanqianyan/GeoReason,https://github.com/canlanqianyan/GeoReason,Partial access,['Awesome Remote Sensing Foundation Models'],Auto-detected from upstream lists. Verify against original paper/code/weights before moving to data/catalogue.json.,candidate
geotext,GeoText,Towards Natural Language-Guided Drones: GeoText-1652 Benchmark with Spatial Relation Matching,benchmark_dataset,Benchmark,Candidate benchmark dataset or evaluation resource for Earth observation foundation models. Needs curator review.,To be verified from the primary paper or benchmark description.,text,https://arxiv.org/abs/2311.12751,https://github.com/MultimodalGeo/GeoText-1652,https://github.com/MultimodalGeo/GeoText-1652,,Partial access,['Awesome Remote Sensing Foundation Models'],Auto-detected from upstream lists. Verify against original paper/code/weights before moving to data/catalogue.json.,candidate
omniearth,OmniEarth,OmniEarth: A Benchmark for Evaluating Vision-Language Models in Geospatial Tasks,benchmark_dataset,Benchmark,Candidate benchmark dataset or evaluation resource for Earth observation foundation models. Needs curator review.,Perception & Reasoning & Robustness across geospatial tasks,text,https://arxiv.org/abs/2603.09471,,https://huggingface.co/datasets/sjeeudd/OmniEarth,https://huggingface.co/datasets/sjeeudd/OmniEarth,Partial access,['Awesome Remote Sensing Foundation Models'],Auto-detected from upstream lists. Verify against original paper/code/weights before moving to data/catalogue.json.,candidate
openearth-agent,OpenEarth-Agent,OpenEarth-Agent: From Tool Calling to Tool Creation for Open-Environment Earth Observation,benchmark_dataset,Benchmark,Candidate benchmark dataset or evaluation resource for Earth observation foundation models. Needs curator review.,Full-pipeline EO across 7 application domains,Needs review,https://arxiv.org/abs/2603.22148,https://github.com/walking-shadow/OpenEarth-Agent,https://github.com/walking-shadow/OpenEarth-Agent,https://github.com/walking-shadow/OpenEarth-Agent,Partial access,['Awesome Remote Sensing Foundation Models'],Auto-detected from upstream lists. Verify against original paper/code/weights before moving to data/catalogue.json.,candidate
pangaea,PANGAEA,PANGAEA,benchmark_dataset,Benchmark,Candidate benchmark dataset or evaluation resource for Earth observation foundation models. Needs curator review.,Segmentation & Change detection & Regression,Needs review,https://arxiv.org/abs/2412.04204,,https://github.com/yurujaja/pangaea-bench,https://github.com/yurujaja/pangaea-bench,Partial access,['Awesome Remote Sensing Foundation Models'],Auto-detected from upstream lists. Verify against original paper/code/weights before moving to data/catalogue.json.,candidate
phileo,PhilEO,PhilEO Bench: Evaluating Geo-Spatial Foundation Models,benchmark_dataset,Benchmark,Candidate benchmark dataset or evaluation resource for Earth observation foundation models. Needs curator review.,Segmentation & Regression estimation,Needs review,https://arxiv.org/abs/2401.04464,,https://github.com/91097luke/phileo-bench,https://github.com/91097luke/phileo-bench,Partial access,['Awesome Remote Sensing Foundation Models'],Auto-detected from upstream lists. Verify against original paper/code/weights before moving to data/catalogue.json.,candidate
plantation-bench,Plantation Bench,"Plantation Bench: A Multiscale, Multimodal Remote Sensing Benchmark for Plantation Mapping Under Distribution Shift",benchmark_dataset,Benchmark,Candidate benchmark dataset or evaluation resource for Earth observation foundation models. Needs curator review.,Plantation Mapping under Distribution Shift,Needs review,https://doi.org/10.1109/iccvw69036.2025.00310,,,,Unknown,['Awesome Remote Sensing Foundation Models'],Auto-detected from upstream lists. Verify against original paper/code/weights before moving to data/catalogue.json.,candidate
reobench,REOBench,REOBench: Benchmarking Robustness of Earth Observation Foundation Models,benchmark_dataset,Benchmark,Candidate benchmark dataset or evaluation resource for Earth observation foundation models. Needs curator review.,Robustness across 6 Earth observation tasks,Needs review,https://arxiv.org/abs/2505.16793,,https://github.com/lx709/REOBench,https://github.com/lx709/REOBench,Partial access,['Awesome Remote Sensing Foundation Models'],Auto-detected from upstream lists. Verify against original paper/code/weights before moving to data/catalogue.json.,candidate
revisiting-pre-trained-remote-sensing-model-benchmarks,Revisiting pre-trained remote sensing model benchmarks,Revisiting pre-trained remote sensing model benchmarks: resizing and normalization matters,benchmark_dataset,Benchmark,Candidate benchmark dataset or evaluation resource for Earth observation foundation models. Needs curator review.,Classification; Vision,Needs review,https://arxiv.org/abs/2305.13456,,https://github.com/isaaccorley/resize-is-all-you-need,https://github.com/isaaccorley/resize-is-all-you-need,Partial access,"['Awesome Remote Sensing Foundation Models', 'Awesome Remote Sensing Foundation Models mirror']",Auto-detected from upstream lists. Verify against original paper/code/weights before moving to data/catalogue.json.,candidate
rsfms-remote-sensing-foundation-models-playground,RSFMs (Remote Sensing Foundation Models) Playground,RSFMs (Remote Sensing Foundation Models) Playground,benchmark_dataset,Benchmark,Candidate benchmark dataset or evaluation resource for Earth observation foundation models. Needs curator review.,To be verified from the primary paper or benchmark description.,Needs review,,,https://github.com/synativ/RSFMs,https://github.com/synativ/RSFMs,Partial access,['Awesome Remote Sensing Foundation Models'],Auto-detected from upstream lists. Verify against original paper/code/weights before moving to data/catalogue.json.,candidate
rsvlm-qa,RSVLM-QA,RSVLM-QA: A Benchmark Dataset for Remote Sensing Vision Language Model-based Question Answering,benchmark_dataset,Benchmark,Candidate benchmark dataset or evaluation resource for Earth observation foundation models. Needs curator review.,Visual Question Answering & Image Captioning & Counting,text,https://arxiv.org/abs/2508.07918,,https://github.com/StarZi0213/RSVLM-QA,https://github.com/StarZi0213/RSVLM-QA,Partial access,['Awesome Remote Sensing Foundation Models'],Auto-detected from upstream lists. Verify against original paper/code/weights before moving to data/catalogue.json.,candidate
spatialsky-bench,SpatialSky-Bench,Is your VLM Sky-Ready? A Comprehensive Spatial Intelligence Benchmark for UAV Navigation,benchmark_dataset,Benchmark,Candidate benchmark dataset or evaluation resource for Earth observation foundation models. Needs curator review.,UAV spatial intelligence evaluation for Vision-Language Models,text,https://arxiv.org/abs/2511.13269,,,,Unknown,['Awesome Remote Sensing Foundation Models'],Auto-detected from upstream lists. Verify against original paper/code/weights before moving to data/catalogue.json.,candidate
text2earth,Text2Earth,Text2Earth: Unlocking Text-driven Remote Sensing Image Generation with a Global-Scale Dataset and a Foundation Model,benchmark_dataset,Benchmark,Candidate benchmark dataset or evaluation resource for Earth observation foundation models. Needs curator review.,To be verified from the primary paper or benchmark description.,text,https://arxiv.org/abs/2501.00895,,,,Unknown,['Awesome Remote Sensing Foundation Models'],Auto-detected from upstream lists. Verify against original paper/code/weights before moving to data/catalogue.json.,candidate
urbench,UrBench,UrBench: A Comprehensive Benchmark for Evaluating Large Multimodal Models in Multi-View Urban Scenarios,benchmark_dataset,Benchmark,Candidate benchmark dataset or evaluation resource for Earth observation foundation models. Needs curator review.,Object Referring & Visual Question Answering & Counting & Scene Classification & Location Recognition & Geolocalization,Needs review,https://doi.org/10.1609/aaai.v39i10.33163,,https://opendatalab.github.io/UrBench,https://opendatalab.github.io/UrBench,Unknown,['Awesome Remote Sensing Foundation Models'],Auto-detected from upstream lists. Verify against original paper/code/weights before moving to data/catalogue.json.,candidate
vision-language-modeling-meets-remote-sensing,Vision-Language Modeling Meets Remote Sensing,"Vision-Language Modeling Meets Remote Sensing: Models, datasets, and perspectives",benchmark_dataset,Benchmark,Candidate benchmark dataset or evaluation resource for Earth observation foundation models. Needs curator review.,Vision-Language,text,https://doi.org/10.1109/mgrs.2025.3572702,,,,Unknown,['Awesome Remote Sensing Foundation Models'],Auto-detected from upstream lists. Verify against original paper/code/weights before moving to data/catalogue.json.,candidate
vleo-bench,VLEO-Bench,"Good at captioning, bad at counting: Benchmarking GPT-4V on Earth observation data",benchmark_dataset,Benchmark,Candidate benchmark dataset or evaluation resource for Earth observation foundation models. Needs curator review.,Location Recognition & Captioning & Scene Classification & Counting & Detection & Change detection,text,https://arxiv.org/abs/2401.17600,,https://vleo.danielz.ch,https://vleo.danielz.ch,Unknown,['Awesome Remote Sensing Foundation Models'],Auto-detected from upstream lists. Verify against original paper/code/weights before moving to data/catalogue.json.,candidate
vrsbench,VRSBench,VRSBench: A Versatile Vision-Language Benchmark Dataset for Remote Sensing Image Understanding,benchmark_dataset,Benchmark,Candidate benchmark dataset or evaluation resource for Earth observation foundation models. Needs curator review.,Image Captioning & Object Referring & Visual Question Answering,text,https://arxiv.org/abs/2406.12384,,https://vrsbench.github.io,https://vrsbench.github.io,Unknown,['Awesome Remote Sensing Foundation Models'],Auto-detected from upstream lists. Verify against original paper/code/weights before moving to data/catalogue.json.,candidate
xlrs-bench,XLRS-Bench,XLRS-Bench: Could Your Multimodal LLMs Understand Extremely Large Ultra-High-Resolution Remote Sensing Imagery?,benchmark_dataset,Benchmark,Candidate benchmark dataset or evaluation resource for Earth observation foundation models. Needs curator review.,To be verified from the primary paper or benchmark description.,Needs review,https://arxiv.org/abs/2503.23771,,,,Unknown,['Awesome Remote Sensing Foundation Models'],Auto-detected from upstream lists. Verify against original paper/code/weights before moving to data/catalogue.json.,candidate
entry-2,地理人工智能样本：模型、质量与服务,地理人工智能样本：模型、质量与服务,model,Benchmark / dataset,Candidate Earth observation foundation model or related resource. Needs curator review.,-,Needs review,,,,,Unknown,['Awesome Remote Sensing Foundation Models'],Auto-detected from upstream lists. Verify against original paper/code/weights before moving to data/catalogue.json.,candidate
entry-5,地理人工智能样本：模型、质量与服务,地理人工智能样本：模型、质量与服务,model,Benchmark / dataset,Candidate Earth observation foundation model or related resource. Needs curator review.,-,Needs review,,,,,Unknown,['Awesome Remote Sensing Foundation Models mirror'],Auto-detected from upstream lists. Verify against original paper/code/weights before moving to data/catalogue.json.,candidate
entry-4,多模态遥感基础大模型：研究现状与未来展望,多模态遥感基础大模型：研究现状与未来展望,model,Benchmark / dataset,Candidate Earth observation foundation model or related resource. Needs curator review.,Vision & Vision-Language & Generative & Vision-Location,text,,,,,Unknown,['Awesome Remote Sensing Foundation Models'],Auto-detected from upstream lists. Verify against original paper/code/weights before moving to data/catalogue.json.,candidate
entry-3,遥感基础模型发展综述与未来设想,遥感基础模型发展综述与未来设想,model,Benchmark / dataset,Candidate Earth observation foundation model or related resource. Needs curator review.,-,Needs review,,,,,Unknown,"['Awesome Remote Sensing Foundation Models', 'Awesome Remote Sensing Foundation Models mirror']",Auto-detected from upstream lists. Verify against original paper/code/weights before moving to data/catalogue.json.,candidate
entry,遥感大模型：进展与前瞻,遥感大模型：进展与前瞻,model,Benchmark / dataset,Candidate Earth observation foundation model or related resource. Needs curator review.,Vision & Vision-Language,text,,,,,Unknown,"['Awesome Remote Sensing Foundation Models', 'Awesome Remote Sensing Foundation Models mirror']",Auto-detected from upstream lists. Verify against original paper/code/weights before moving to data/catalogue.json.,candidate
clay-embeddings,CLAY Embeddings,Clay Model v0 Embeddings,benchmark_dataset,Embedding dataset,Candidate benchmark dataset or evaluation resource for Earth observation foundation models. Needs curator review.,To be verified from the primary paper or benchmark description.,Needs review,,https://github.com/Clay-foundation,https://source.coop/clay/clay-model-v0-embeddings,https://source.coop/clay/clay-model-v0-embeddings,Unknown,['Awesome Remote Sensing Foundation Models'],Auto-detected from upstream lists. Verify against original paper/code/weights before moving to data/catalogue.json.,candidate
earth-genome-embeddings,Earth Genome Embeddings,Embeddings for all,benchmark_dataset,Embedding dataset,Candidate benchmark dataset or evaluation resource for Earth observation foundation models. Needs curator review.,To be verified from the primary paper or benchmark description.,Needs review,,,https://source.coop/earthgenome/earthindexembeddings,https://source.coop/earthgenome/earthindexembeddings,Unknown,['Awesome Remote Sensing Foundation Models'],Auto-detected from upstream lists. Verify against original paper/code/weights before moving to data/catalogue.json.,candidate
esd,ESD,Democratizing planetary-scale analysis: An ultra-lightweight Earth embedding database for accurate and flexible global land monitoring,benchmark_dataset,Embedding dataset,Candidate benchmark dataset or evaluation resource for Earth observation foundation models. Needs curator review.,To be verified from the primary paper or benchmark description.,DEM,https://arxiv.org/abs/2601.11183,https://github.com/shuangchencc/ESD,https://data-starcloud.pcl.ac.cn/iearthdata/64,https://data-starcloud.pcl.ac.cn/iearthdata/64,Partial access,['Awesome Remote Sensing Foundation Models'],Auto-detected from upstream lists. Verify against original paper/code/weights before moving to data/catalogue.json.,candidate
major-tom-embeddings,Major TOM Embeddings,Global and Dense Embeddings of Earth: Major TOM Floating in the Latent Space,benchmark_dataset,Embedding dataset,Candidate benchmark dataset or evaluation resource for Earth observation foundation models. Needs curator review.,To be verified from the primary paper or benchmark description.,Needs review,https://arxiv.org/abs/2412.05600,https://github.com/ESA-PhiLab/Major-TOM,https://huggingface.co/Major-TOM,https://huggingface.co/Major-TOM,Partial access,['Awesome Remote Sensing Foundation Models'],Auto-detected from upstream lists. Verify against original paper/code/weights before moving to data/catalogue.json.,candidate
ben-mm,BEN-MM,BigEarthNet-MM: A Large Scale Multi-Modal Multi-Label Benchmark Archive for Remote Sensing Image Classification and Retrieval,benchmark_dataset,Pre-training dataset,Candidate benchmark dataset or evaluation resource for Earth observation foundation models. Needs curator review.,Vision,Needs review,https://ieeexplore.ieee.org/abstract/document/9552024,,https://bigearth.net,https://bigearth.net,Unknown,"['Awesome Remote Sensing Foundation Models', 'Awesome Remote Sensing Foundation Models mirror']",Auto-detected from upstream lists. Verify against original paper/code/weights before moving to data/catalogue.json.,candidate
caco,CACo,Change-Aware Sampling and Contrastive Learning for Satellite Images,benchmark_dataset,Pre-training dataset,Candidate benchmark dataset or evaluation resource for Earth observation foundation models. Needs curator review.,Vision,Needs review,https://openaccess.thecvf.com/content/CVPR2023/html/Mall_Change-Aware_Sampling_and_Contrastive_Learning_for_Satellite_Images_CVPR_2023_paper.html,https://github.com/utkarshmall13/CACo,https://github.com/utkarshmall13/CACo,https://github.com/utkarshmall13/CACo,Partial access,"['Awesome Remote Sensing Foundation Models', 'Awesome Remote Sensing Foundation Models mirror']",Auto-detected from upstream lists. Verify against original paper/code/weights before moving to data/catalogue.json.,candidate
chatearthnet,ChatEarthNet,ChatEarthNet: a global-scale image-text dataset empowering vision-language geo-foundation models,benchmark_dataset,Pre-training dataset,Candidate benchmark dataset or evaluation resource for Earth observation foundation models. Needs curator review.,Vision-Language,text,https://doi.org/10.5194/essd-17-1245-2025,,https://github.com/zhu-xlab/ChatEarthNet,https://github.com/zhu-xlab/ChatEarthNet,Partial access,['Awesome Remote Sensing Foundation Models'],Auto-detected from upstream lists. Verify against original paper/code/weights before moving to data/catalogue.json.,candidate
copernicus-fm,Copernicus-FM,Towards a Unified Copernicus Foundation Model for Earth Vision,benchmark_dataset,Pre-training dataset,Candidate benchmark dataset or evaluation resource for Earth observation foundation models. Needs curator review.,Segmentation & Classification & Change detection & Regression; Vision,Needs review,https://arxiv.org/abs/2503.11849,https://github.com/zhu-xlab/Copernicus-FM,https://github.com/zhu-xlab/Copernicus-FM,https://github.com/zhu-xlab/Copernicus-FM,Open source,['Awesome Remote Sensing Foundation Models'],Auto-detected from upstream lists. Verify against original paper/code/weights before moving to data/catalogue.json.,candidate
ddfav,DDFAV,DDFAV: Remote Sensing Large Vision Language Models Dataset and Evaluation Benchmark,benchmark_dataset,Pre-training dataset,Candidate benchmark dataset or evaluation resource for Earth observation foundation models. Needs curator review.,Vision-Language,text,https://doi.org/10.3390/rs17040719,,https://github.com/HaodongLi2024/rspope,https://github.com/HaodongLi2024/rspope,Partial access,['Awesome Remote Sensing Foundation Models'],Auto-detected from upstream lists. Verify against original paper/code/weights before moving to data/catalogue.json.,candidate
dgtrsd,DGTRSD,DGTRSD & DGTRS-CLIP: A Dual-Granularity Remote Sensing Image-Text Dataset and Vision Language Foundation Model for Alignment,benchmark_dataset,Pre-training dataset,Candidate benchmark dataset or evaluation resource for Earth observation foundation models. Needs curator review.,Vision-Language,text,https://arxiv.org/abs/2503.19311,https://github.com/MitsuiChen14/DGTRS,https://github.com/MitsuiChen14/DGTRS,https://github.com/MitsuiChen14/DGTRS,Partial access,['Awesome Remote Sensing Foundation Models'],Auto-detected from upstream lists. Verify against original paper/code/weights before moving to data/catalogue.json.,candidate
dofa-clip,DOFA-CLIP,DOFA-CLIP: Multimodal Vision-Language Foundation Models for Earth Observation,benchmark_dataset,Pre-training dataset,Candidate benchmark dataset or evaluation resource for Earth observation foundation models. Needs curator review.,Vision-Language,text,https://arxiv.org/abs/2503.06312,https://github.com/xiong-zhitong/GeoLB-SigLIP,https://github.com/xiong-zhitong/GeoLB-SigLIP,https://github.com/xiong-zhitong/GeoLB-SigLIP,Partial access,['Awesome Remote Sensing Foundation Models'],Auto-detected from upstream lists. Verify against original paper/code/weights before moving to data/catalogue.json.,candidate
earthdial,EarthDial,EarthDial: Turning Multi-sensory Earth Observations to Interactive Dialogues,benchmark_dataset,Pre-training dataset,Candidate benchmark dataset or evaluation resource for Earth observation foundation models. Needs curator review.,Vision-Language,text,https://openaccess.thecvf.com/content/CVPR2025/html/Soni_EarthDial_Turning_Multi-sensory_Earth_Observations_to_Interactive_Dialogues_CVPR_2025_paper.html,https://github.com/hiyamdebary/EarthDial,https://github.com/hiyamdebary/EarthDial,https://github.com/hiyamdebary/EarthDial,Partial access,['Awesome Remote Sensing Foundation Models'],Auto-detected from upstream lists. Verify against original paper/code/weights before moving to data/catalogue.json.,candidate
falcon,Falcon,Falcon: A Remote Sensing Vision-Language Foundation Model,benchmark_dataset,Pre-training dataset,Candidate benchmark dataset or evaluation resource for Earth observation foundation models. Needs curator review.,Vision-Language,text,https://arxiv.org/abs/2503.11070,https://github.com/TianHuiLab/Falcon,https://github.com/TianHuiLab/Falcon,https://github.com/TianHuiLab/Falcon,Partial access,['Awesome Remote Sensing Foundation Models'],Auto-detected from upstream lists. Verify against original paper/code/weights before moving to data/catalogue.json.,candidate
fit-rs,FIT-RS,SkySenseGPT: A Fine-Grained Instruction Tuning Dataset and Model for Remote Sensing Vision-Language Understanding,benchmark_dataset,Pre-training dataset,Candidate benchmark dataset or evaluation resource for Earth observation foundation models. Needs curator review.,Vision-Language,text,https://arxiv.org/abs/2406.10100,https://github.com/Luo-Z13/SkySenseGPT,https://github.com/Luo-Z13/SkySenseGPT,https://github.com/Luo-Z13/SkySenseGPT,Partial access,['Awesome Remote Sensing Foundation Models'],Auto-detected from upstream lists. Verify against original paper/code/weights before moving to data/catalogue.json.,candidate
fmow,fMoW,Functional Map of the World,benchmark_dataset,Pre-training dataset,Candidate benchmark dataset or evaluation resource for Earth observation foundation models. Needs curator review.,Vision,Needs review,https://openaccess.thecvf.com/content_cvpr_2018/html/Christie_Functional_Map_of_CVPR_2018_paper.html,,https://github.com/fMoW,https://github.com/fMoW,Unknown,"['Awesome Remote Sensing Foundation Models', 'Awesome Remote Sensing Foundation Models mirror']",Auto-detected from upstream lists. Verify against original paper/code/weights before moving to data/catalogue.json.,candidate
fmow-s2,fMoW-S2,SatMAE: Pre-training Transformers for Temporal and Multi-Spectral Satellite Imagery,benchmark_dataset,Pre-training dataset,Candidate benchmark dataset or evaluation resource for Earth observation foundation models. Needs curator review.,Vision,Needs review,,,https://purl.stanford.edu/vg497cb6002,https://purl.stanford.edu/vg497cb6002,Unknown,['Awesome Remote Sensing Foundation Models'],Auto-detected from upstream lists. Verify against original paper/code/weights before moving to data/catalogue.json.,candidate
fmow-s2-2,fMoW-S2,SatMAE: Pre-training Transformers for Temporal and Multi-Spectral Satellite Imagery,benchmark_dataset,Pre-training dataset,Candidate benchmark dataset or evaluation resource for Earth observation foundation models. Needs curator review.,Vision,Needs review,,,https://purl.stanford.edu/vg497cb6002,https://purl.stanford.edu/vg497cb6002,Unknown,['Awesome Remote Sensing Foundation Models mirror'],Auto-detected from upstream lists. Verify against original paper/code/weights before moving to data/catalogue.json.,candidate
geo-bench,GEO-Bench,GEO-Bench: Toward Foundation Models for Earth Monitoring,benchmark_dataset,Pre-training dataset,Candidate benchmark dataset or evaluation resource for Earth observation foundation models. Needs curator review.,Classification & Segmentation; Vision (Evaluation),Needs review,https://arxiv.org/abs/2306.03831,,https://github.com/ServiceNow/geo-bench,https://github.com/ServiceNow/geo-bench,Partial access,"['Awesome Remote Sensing Foundation Models', 'Awesome Remote Sensing Foundation Models mirror']",Auto-detected from upstream lists. Verify against original paper/code/weights before moving to data/catalogue.json.,candidate
geoeyes,GeoEyes,GeoEyes: On-Demand Visual Focusing for Evidence-Grounded Understanding of Ultra-High-Resolution Remote Sensing Imagery,benchmark_dataset,Pre-training dataset,Candidate benchmark dataset or evaluation resource for Earth observation foundation models. Needs curator review.,Vision-Language,"DEM, text",https://arxiv.org/abs/2602.14201,https://github.com/nanocm/GeoEyes,https://github.com/nanocm/GeoEyes,https://github.com/nanocm/GeoEyes,Partial access,['Awesome Remote Sensing Foundation Models'],Auto-detected from upstream lists. Verify against original paper/code/weights before moving to data/catalogue.json.,candidate
geopix,GeoPix,GeoPix: Multi-Modal Large Language Model for Pixel-level Image Understanding in Remote Sensing,benchmark_dataset,Pre-training dataset,Candidate benchmark dataset or evaluation resource for Earth observation foundation models. Needs curator review.,Vision-Language,text,https://arxiv.org/abs/2501.06828,https://github.com/Norman-Ou/GeoPix,https://github.com/Norman-Ou/GeoPix,https://github.com/Norman-Ou/GeoPix,Partial access,['Awesome Remote Sensing Foundation Models'],Auto-detected from upstream lists. Verify against original paper/code/weights before moving to data/catalogue.json.,candidate
geopixel,GeoPixel,GeoPixel: Pixel Grounding Large Multimodal Model in Remote Sensing,benchmark_dataset,Pre-training dataset,Candidate benchmark dataset or evaluation resource for Earth observation foundation models. Needs curator review.,Vision-Language,text,https://arxiv.org/abs/2501.13925,https://github.com/mbzuai-oryx/GeoPixel,https://github.com/mbzuai-oryx/GeoPixel,https://github.com/mbzuai-oryx/GeoPixel,Partial access,['Awesome Remote Sensing Foundation Models'],Auto-detected from upstream lists. Verify against original paper/code/weights before moving to data/catalogue.json.,candidate
luojiahog,LuoJiaHOG,LuoJiaHOG: A hierarchy oriented geo-aware image caption dataset for remote sensing image-text retrieval,benchmark_dataset,Pre-training dataset,Candidate benchmark dataset or evaluation resource for Earth observation foundation models. Needs curator review.,Vision-Language,text,https://doi.org/10.1016/j.isprsjprs.2025.02.009,,,,Unknown,['Awesome Remote Sensing Foundation Models'],Auto-detected from upstream lists. Verify against original paper/code/weights before moving to data/catalogue.json.,candidate
m3leo,M3LEO,"A Multi-Modal, Multi-Label Earth Observation Dataset Integrating Interferometric SAR and Multispectral Data",benchmark_dataset,Pre-training dataset,Candidate benchmark dataset or evaluation resource for Earth observation foundation models. Needs curator review.,Vision,"multispectral, SAR",,,https://github.com/spaceml-org/M3LEO,https://github.com/spaceml-org/M3LEO,Partial access,['Awesome Remote Sensing Foundation Models'],Auto-detected from upstream lists. Verify against original paper/code/weights before moving to data/catalogue.json.,candidate
major-tom,Major TOM,Major TOM: Expandable Datasets for Earth Observation,benchmark_dataset,Pre-training dataset,Candidate benchmark dataset or evaluation resource for Earth observation foundation models. Needs curator review.,Vision,Needs review,https://arxiv.org/abs/2402.12095,,https://huggingface.co/Major-TOM,https://huggingface.co/Major-TOM,Unknown,['Awesome Remote Sensing Foundation Models'],Auto-detected from upstream lists. Verify against original paper/code/weights before moving to data/catalogue.json.,candidate
millionaid,MillionAID,"On Creating Benchmark Dataset for Aerial Image Interpretation: Reviews, Guidances, and Million-AID",benchmark_dataset,Pre-training dataset,Candidate benchmark dataset or evaluation resource for Earth observation foundation models. Needs curator review.,Vision,Needs review,https://ieeexplore.ieee.org/abstract/document/9393553,,https://captain-whu.github.io/DiRS,https://captain-whu.github.io/DiRS,Unknown,"['Awesome Remote Sensing Foundation Models', 'Awesome Remote Sensing Foundation Models mirror']",Auto-detected from upstream lists. Verify against original paper/code/weights before moving to data/catalogue.json.,candidate
mmm-rs,MMM-RS,"MMM-RS: A Multi-modal, Multi-GSD, Multi-scene Remote Sensing Dataset and Benchmark for Text-to-Image Generation",benchmark_dataset,Pre-training dataset,Candidate benchmark dataset or evaluation resource for Earth observation foundation models. Needs curator review.,Vision-Language,text,https://arxiv.org/abs/2410.22362,,https://github.com/ljl5261/MMM-RS,https://github.com/ljl5261/MMM-RS,Partial access,['Awesome Remote Sensing Foundation Models'],Auto-detected from upstream lists. Verify against original paper/code/weights before moving to data/catalogue.json.,candidate
openearthagent,OpenEarthAgent,OpenEarthAgent: A Unified Framework for Tool-Augmented Geospatial Agents,benchmark_dataset,Pre-training dataset,Candidate benchmark dataset or evaluation resource for Earth observation foundation models. Needs curator review.,Vision-Language & Agents,text,https://arxiv.org/abs/2602.17665,https://github.com/mbzuai-oryx/OpenEarthAgent,https://github.com/mbzuai-oryx/OpenEarthAgent,https://github.com/mbzuai-oryx/OpenEarthAgent,Partial access,['Awesome Remote Sensing Foundation Models'],Auto-detected from upstream lists. Verify against original paper/code/weights before moving to data/catalogue.json.,candidate
remotesam,RemoteSAM,RemoteSAM: Towards Segment Anything for Earth Observation,benchmark_dataset,Pre-training dataset,Candidate benchmark dataset or evaluation resource for Earth observation foundation models. Needs curator review.,Vision-Language,text,https://arxiv.org/abs/2505.18022,https://github.com/1e12Leon/RemoteSAM,https://github.com/1e12Leon/RemoteSAM,https://github.com/1e12Leon/RemoteSAM,Partial access,['Awesome Remote Sensing Foundation Models'],Auto-detected from upstream lists. Verify against original paper/code/weights before moving to data/catalogue.json.,candidate
rs-4m,RS-4M,Harnessing Massive Satellite Imagery with Efficient Masked Image Modeling,benchmark_dataset,Pre-training dataset,Candidate benchmark dataset or evaluation resource for Earth observation foundation models. Needs curator review.,Vision,Needs review,https://arxiv.org/abs/2406.11933,https://github.com/Fengxiang23/SelectiveMAE,https://github.com/Fengxiang23/SelectiveMAE,https://github.com/Fengxiang23/SelectiveMAE,Partial access,['Awesome Remote Sensing Foundation Models'],Auto-detected from upstream lists. Verify against original paper/code/weights before moving to data/catalogue.json.,candidate
rs-gpt4v,RS-GPT4V,RS-GPT4V: A Unified Multimodal Instruction-Following Dataset for Remote Sensing Image Understanding,benchmark_dataset,Pre-training dataset,Candidate benchmark dataset or evaluation resource for Earth observation foundation models. Needs curator review.,Vision-Language,text,https://arxiv.org/abs/2406.12479,,https://github.com/GeoX-Lab/RS-GPT4V/tree/main,https://github.com/GeoX-Lab/RS-GPT4V/tree/main,Partial access,['Awesome Remote Sensing Foundation Models'],Auto-detected from upstream lists. Verify against original paper/code/weights before moving to data/catalogue.json.,candidate
rs5m,RS5M,RS5M: A Large Scale Vision-Language Dataset for Remote Sensing Vision-Language Foundation Model,benchmark_dataset,Pre-training dataset,Candidate benchmark dataset or evaluation resource for Earth observation foundation models. Needs curator review.,Vision-Language,text,https://arxiv.org/abs/2306.11300,https://github.com/om-ai-lab/RS5M,https://huggingface.co/Zilun/GeoRSSD,https://github.com/om-ai-lab/RS5M,Open source,"['Awesome Remote Sensing Foundation Models', 'Awesome Remote Sensing Foundation Models mirror']",Auto-detected from upstream lists. Verify against original paper/code/weights before moving to data/catalogue.json.,candidate
rsgpt,RSGPT,RSGPT: A Remote Sensing Vision Language Model and Benchmark,benchmark_dataset,Pre-training dataset,Candidate benchmark dataset or evaluation resource for Earth observation foundation models. Needs curator review.,Vision-Language,text,https://doi.org/10.1016/j.isprsjprs.2025.04.001,https://github.com/Lavender105/RSGPT,https://github.com/Lavender105/RSGPT,https://github.com/Lavender105/RSGPT,Partial access,"['Awesome Remote Sensing Foundation Models', 'Awesome Remote Sensing Foundation Models mirror']",Auto-detected from upstream lists. Verify against original paper/code/weights before moving to data/catalogue.json.,candidate
rsvg,RSVG,RSVG: Exploring Data and Models for Visual Grounding on Remote Sensing Data,benchmark_dataset,Pre-training dataset,Candidate benchmark dataset or evaluation resource for Earth observation foundation models. Needs curator review.,Vision-Language,text,https://ieeexplore.ieee.org/document/10056343,,https://github.com/ZhanYang-nwpu/RSVG-pytorch,https://github.com/ZhanYang-nwpu/RSVG-pytorch,Partial access,"['Awesome Remote Sensing Foundation Models', 'Awesome Remote Sensing Foundation Models mirror']",Auto-detected from upstream lists. Verify against original paper/code/weights before moving to data/catalogue.json.,candidate
samrs,SAMRS,SAMRS: Scaling-up Remote Sensing Segmentation Dataset with Segment Anything Model,benchmark_dataset,Pre-training dataset,Candidate benchmark dataset or evaluation resource for Earth observation foundation models. Needs curator review.,Vision,Needs review,https://arxiv.org/abs/2305.02034,,https://github.com/ViTAE-Transformer/SAMRS,https://github.com/ViTAE-Transformer/SAMRS,Partial access,['Awesome Remote Sensing Foundation Models'],Auto-detected from upstream lists. Verify against original paper/code/weights before moving to data/catalogue.json.,candidate
satin,SATIN,SATIN: A Multi-Task Metadataset for Classifying Satellite Imagery using Vision-Language Models,benchmark_dataset,Pre-training dataset,Candidate benchmark dataset or evaluation resource for Earth observation foundation models. Needs curator review.,Vision-Language,text,https://arxiv.org/abs/2304.11619,,https://satinbenchmark.github.io,https://satinbenchmark.github.io,Unknown,['Awesome Remote Sensing Foundation Models'],Auto-detected from upstream lists. Verify against original paper/code/weights before moving to data/catalogue.json.,candidate
satlas,SatLas,SatlasPretrain: A Large-Scale Dataset for Remote Sensing Image Understanding,benchmark_dataset,Pre-training dataset,Candidate benchmark dataset or evaluation resource for Earth observation foundation models. Needs curator review.,Vision (Supervised),Needs review,https://doi.org/10.1109/iccv51070.2023.01538,https://github.com/allenai/satlas,https://github.com/allenai/satlas/blob/main/SatlasPretrain.md,https://github.com/allenai/satlas/blob/main/SatlasPretrain.md,Partial access,"['Awesome Remote Sensing Foundation Models', 'Awesome Remote Sensing Foundation Models mirror']",Auto-detected from upstream lists. Verify against original paper/code/weights before moving to data/catalogue.json.,candidate
seco,SeCo,Seasonal Contrast: Unsupervised Pre-Training From Uncurated Remote Sensing Data,benchmark_dataset,Pre-training dataset,Candidate benchmark dataset or evaluation resource for Earth observation foundation models. Needs curator review.,Vision,Needs review,https://openaccess.thecvf.com/content/ICCV2021/html/Manas_Seasonal_Contrast_Unsupervised_Pre-Training_From_Uncurated_Remote_Sensing_Data_ICCV_2021_paper.html,https://github.com/ServiceNow/seasonal-contrast,https://github.com/ServiceNow/seasonal-contrast,https://github.com/ServiceNow/seasonal-contrast,Partial access,"['Awesome Remote Sensing Foundation Models', 'Awesome Remote Sensing Foundation Models mirror']",Auto-detected from upstream lists. Verify against original paper/code/weights before moving to data/catalogue.json.,candidate
seefar,SeeFar,SeeFar: Satellite Agnostic Multi-Resolution Dataset for Geospatial Foundation Models,benchmark_dataset,Pre-training dataset,Candidate benchmark dataset or evaluation resource for Earth observation foundation models. Needs curator review.,Vision,Needs review,https://arxiv.org/abs/2406.06776,,https://coastalcarbon.ai/seefar,https://coastalcarbon.ai/seefar,Unknown,['Awesome Remote Sensing Foundation Models'],Auto-detected from upstream lists. Verify against original paper/code/weights before moving to data/catalogue.json.,candidate
sen12ms,SEN12MS,SEN12MS -- A Curated Dataset of Georeferenced Multi-Spectral Sentinel-1/2 Imagery for Deep Learning and Data Fusion,benchmark_dataset,Pre-training dataset,Candidate benchmark dataset or evaluation resource for Earth observation foundation models. Needs curator review.,Vision,SAR,https://arxiv.org/abs/1906.07789,,https://mediatum.ub.tum.de/1474000,https://mediatum.ub.tum.de/1474000,Unknown,"['Awesome Remote Sensing Foundation Models', 'Awesome Remote Sensing Foundation Models mirror']",Auto-detected from upstream lists. Verify against original paper/code/weights before moving to data/catalogue.json.,candidate
skyclip,SkyCLIP,SkyScript: A Large and Semantically Diverse Vision-Language Dataset for Remote Sensing,benchmark_dataset,Pre-training dataset,Candidate benchmark dataset or evaluation resource for Earth observation foundation models. Needs curator review.,Vision-Language,text,https://arxiv.org/abs/2312.12856,https://github.com/wangzhecheng/SkyScript,https://github.com/wangzhecheng/SkyScript,https://github.com/wangzhecheng/SkyScript,Partial access,"['Awesome Remote Sensing Foundation Models', 'Awesome Remote Sensing Foundation Models mirror']",Auto-detected from upstream lists. Verify against original paper/code/weights before moving to data/catalogue.json.,candidate
soma-1m,SOMA-1M,SOMA-1M: A Large-Scale SAR-Optical Multi-resolution Alignment Dataset for Multi-Task Remote Sensing,benchmark_dataset,Pre-training dataset,Candidate benchmark dataset or evaluation resource for Earth observation foundation models. Needs curator review.,Vision (SAR-Optical),"multispectral, SAR",https://arxiv.org/abs/2602.05480,,https://github.com/PeihaoWu/SOMA-1M,https://github.com/PeihaoWu/SOMA-1M,Partial access,['Awesome Remote Sensing Foundation Models'],Auto-detected from upstream lists. Verify against original paper/code/weights before moving to data/catalogue.json.,candidate
ssl4eo-l,SSL4EO-L,TorchGeo,benchmark_dataset,Pre-training dataset,Candidate benchmark dataset or evaluation resource for Earth observation foundation models. Needs curator review.,Vision,multispectral,https://arxiv.org/abs/2306.09424,,https://github.com/microsoft/torchgeo,https://github.com/microsoft/torchgeo,Partial access,"['Awesome Remote Sensing Foundation Models', 'Awesome Remote Sensing Foundation Models mirror']",Auto-detected from upstream lists. Verify against original paper/code/weights before moving to data/catalogue.json.,candidate
ssl4eo-s12,SSL4EO-S12,"SSL4EO-S12: A Large-Scale Multi-Modal, Multi-Temporal Dataset for Self-Supervised Learning in Earth Observation",benchmark_dataset,Pre-training dataset,Candidate benchmark dataset or evaluation resource for Earth observation foundation models. Needs curator review.,Vision,Needs review,https://arxiv.org/abs/2211.07044,,https://github.com/zhu-xlab/SSL4EO-S12,https://github.com/zhu-xlab/SSL4EO-S12,Partial access,"['Awesome Remote Sensing Foundation Models', 'Awesome Remote Sensing Foundation Models mirror']",Auto-detected from upstream lists. Verify against original paper/code/weights before moving to data/catalogue.json.,candidate
tov,TOV,Geographical Supervision Correction for Remote Sensing Representation Learning,benchmark_dataset,Pre-training dataset,Candidate benchmark dataset or evaluation resource for Earth observation foundation models. Needs curator review.,Vision,multispectral,https://ieeexplore.ieee.org/abstract/document/9869651,https://github.com/GeoX-Lab/G-RSIM,https://github.com/GeoX-Lab/G-RSIM/tree/main/TOV_v1,https://github.com/GeoX-Lab/G-RSIM/tree/main/TOV_v1,Partial access,"['Awesome Remote Sensing Foundation Models', 'Awesome Remote Sensing Foundation Models mirror']",Auto-detected from upstream lists. Verify against original paper/code/weights before moving to data/catalogue.json.,candidate
univearth,UnivEARTH,Towards LLM Agents for Earth Observation: The UnivEARTH Dataset,benchmark_dataset,Pre-training dataset,Candidate benchmark dataset or evaluation resource for Earth observation foundation models. Needs curator review.,Vision-Language & Agents,text,https://arxiv.org/abs/2504.12110,,,,Unknown,['Awesome Remote Sensing Foundation Models'],Auto-detected from upstream lists. Verify against original paper/code/weights before moving to data/catalogue.json.,candidate
