id,name,scope,category,input_modality,modality_tags,architecture,architecture_tags,modelling_paradigm_key,modelling_paradigm,downstream_tasks,task_tags,training_scale,openness,openness_label,openness_text,paper_url,code_url,weights_url,project_url,modality_complexity_tier_key,modality_complexity_tier,modality_complexity_score,reported_downstream_task_count,reported_downstream_task_count_basis,fm_strength,notes,review_status
terramind,TerraMind,Earth observation foundation model,Multimodal / generative EO FM,"9 geospatial modalities. Reported sources include Sentinel-1 SAR, Sentinel-2 optical, land-use/land-cover, NDVI/vegetation, DEM/elevation, geographic coordinates, and text/captions.","['optical', 'SAR', 'DEM', 'text']",4M-style any-to-any multimodal masked modeling; symmetric Transformer encoder-decoder; dual-scale token-level and pixel-level training; supports Thinking-in-Modalities generation.,"['Transformer', 'MAE/MIM', 'Diffusion/Generative']",generative_hybrid,Any-to-any generative / hybrid multimodal system,"9 PANGAEA benchmark tasks: wildfire burn-scar segmentation, marine debris/oil-spill segmentation, agricultural parcel/crop segmentation, flood/water-body segmentation, urban land-cover segmentation, DynamicEarthNet land-cover segmentation, crop-type mapping in South Sudan, SpaceNet7 building/change detection, AI4SmallFarms agricultural segmentation. Also reports zero-shot / generative tasks: land-use segmentation, water-body mapping, vegetation mapping, geolocation, captioning, text-to-image, and modality-to-modality generation.","['semantic segmentation', 'land-cover mapping', 'crop-type mapping', 'change detection', 'flood mapping', 'burn-scar mapping', 'water-body mapping', 'zero-shot classification', 'captioning']",Pretrained on >500B tokens; TerraMesh dataset around 9M samples. Large/base variants reported; training used large-scale GPU/HPC setup.,open,Open,"Open source: model weights, code, and pretraining dataset reported as open/permissive.",https://arxiv.org/abs/2504.11171,https://github.com/IBM/terramind,,,generalist,Generalist models,4,16,curated_reported_evaluations,Strong EO FM,"One of the strongest current EO FMs because it is multimodal, generative, benchmarked, and open.",
copernicus-fm,Copernicus-FM,Earth observation foundation model,Vision / multimodal EO FM,"5 major Copernicus/Sentinel streams plus DEM: Sentinel-1 SAR, Sentinel-2 MSI, Sentinel-3 OLCI, Sentinel-5P atmospheric products, DEM/non-spectral metadata.","['optical', 'SAR', 'DEM', 'climate']",Extension of DOFA using dynamic hypernetworks and flexible metadata encodings; ViT-style backbone with sensor-aware dynamic patch embedding.,['Transformer'],transformer_masked,Transformer / masked-reconstruction encoder,"15 Copernicus-Bench hierarchical tasks: Cloud-S2 segmentation, Cloud-S3 segmentation, EuroSAT-S1 classification, EuroSAT-S2 classification, BigEarthNet-S1 classification, BigEarthNet-S2 classification, LC100Cls-S3 classification, DFC2020-S1 segmentation, DFC2020-S2 segmentation, LC100Seg-S3 segmentation, Flood-S1 change detection, LCZ-S2 classification, Biomass-S3 regression, AQ-NO2-S5P regression, AQ-O3-S5P regression.","['semantic segmentation', 'scene classification', 'multi-label classification', 'change detection', 'flood mapping', 'regression / estimation']","Copernicus-Pretrain: 18.7M aligned images, about 920B pixels; joint subset around 220K geospatial grids used in reported ViT-Base pretraining.",open,Open,"Open source: paper reports code, datasets, and model release.",https://arxiv.org/abs/2503.11849,https://github.com/zhu-xlab/Copernicus-FM,,,multi_modality,Multi-modality encoders,2,15,curated_reported_evaluations,Strong EO FM,Broadest Sentinel-specific FM row; includes atmosphere as well as surface tasks.,
anysat,AnySat,Earth observation foundation model,Vision / multimodal EO FM,"11 distinct modalities/sensors: aerial RGB/NIR, aerial RGB/NIR/elevation, SPOT, NAIP, Sentinel-2, Sentinel-1 ascending, Sentinel-1, ALOS, Landsat-7, Landsat-8, MODIS.","['optical', 'SAR', 'DEM', 'aerial']",Scale-adaptive Joint Embedding Predictive Architecture (JEPA); modality-specific encoders/tokens projected into a shared latent space.,"['Transformer', 'JEPA']",joint_embedding,Joint-embedding / contrastive-predictive encoder,"Reported/evaluated tasks include land-cover mapping, tree-species identification, crop-type classification, change detection/deforestation detection, climate-type classification, flood mapping, burn-scar mapping, and segmentation over datasets such as TreeSatAI-TS, PASTIS-HD, FLAIR, PLANTED, BraDD-S1TS, SICKLE, TimeSen2Crop, and Sen1Flood11.","['semantic segmentation', 'land-cover mapping', 'scene classification', 'crop-type mapping', 'change detection', 'flood mapping', 'burn-scar mapping']",Trained on GeoPlex: 5 multimodal datasets and 11 sensors. Public sources reviewed do not report a single token count comparable to TerraMind.,open,Open,Open source: code and checkpoints available.,https://arxiv.org/abs/2412.14123,https://github.com/gastruc/AnySat,,,multi_modality,Multi-modality encoders,2,9,curated_reported_evaluations,Strong / emerging EO FM,Strong multimodal representation model; less generative than TerraMind.,
dofa,DOFA,Earth observation foundation model,Vision / multimodal EO FM,Spectral satellite imagery across five EO sensors/modalities; wavelength/band metadata used as conditioning signal.,[],Wavelength-conditioned dynamic hypernetwork; shared ViT/MAE-style vision backbone; masked image modeling plus distillation.,"['Transformer', 'MAE/MIM']",transformer_masked,Transformer / masked-reconstruction encoder,"Evaluated on remote-sensing classification, semantic segmentation, object detection, and change-detection style benchmarks. Representative datasets include GEO-Bench tasks and common RS tasks such as EuroSAT, BigEarthNet, RESISC45, DOTA/DIOR-style detection, land-cover segmentation, and change detection depending on experiment.","['semantic segmentation', 'scene classification', 'multi-label classification', 'object detection', 'change detection']",Paper reports continual / hybrid pretraining across five EO modalities. Exact universal token count is not reported in the public abstract/source reviewed.,open,Open,Open source: code and weights reported.,https://arxiv.org/abs/2403.15356,https://github.com/zhu-xlab/DOFA,,,multi_modality,Multi-modality encoders,2,12,curated_reported_evaluations,Strong EO FM,Important architecture family because later Copernicus-FM extends DOFA.,
galileo,Galileo,Earth observation foundation model,Vision / multimodal EO FM,"Many EO modalities over space and time, including multispectral optical, SAR, elevation, weather, and pseudo-label/auxiliary layers.","['optical', 'SAR', 'DEM', 'climate']",Self-supervised multimodal encoder with masked modeling plus dual global/local contrastive losses.,"['Transformer', 'MAE/MIM']",joint_embedding,Joint-embedding / contrastive-predictive encoder,"11 benchmarks across multiple tasks; representative tasks include crop mapping, flood detection, land-cover/land-use classification, segmentation, and multimodal transfer under missing-modality settings.","['semantic segmentation', 'scene classification', 'crop-type mapping', 'flood mapping']",Public abstract/source reviewed does not report a single token count. Uses global multimodal pretraining over space-time EO inputs.,open,Open,Open source: code released under MIT in public repo.,https://arxiv.org/abs/2502.09356,https://github.com/nasaharvest/galileo,,,multi_modality,Multi-modality encoders,2,11,curated_reported_evaluations,Strong / emerging EO FM,A generalist multimodal EO model; exact modality/task breakdown should be checked from the full paper for final publication table.,
prithvi-eo-1-0,Prithvi-EO-1.0,Earth observation foundation model,Vision / multimodal EO FM,NASA HLS Landsat + Sentinel-2 harmonized optical multispectral time series at 30 m.,"['optical', 'time series']",Masked autoencoder with ViT backbone; spatiotemporal patch embeddings for EO time series.,"['Transformer', 'MAE/MIM']",transformer_masked,Transformer / masked-reconstruction encoder,"Representative tasks: flood mapping, wildfire burn scar mapping, land-cover classification, crop classification/segmentation, and other HLS-based EO downstream tasks.","['semantic segmentation', 'scene classification', 'crop-type mapping', 'flood mapping', 'burn-scar mapping']",Pretrained on large HLS time-series corpus. Commonly reported model size: 100M parameters; token count not reported in the same way as TerraMind.,open,Open,Open source: weights and code released by NASA/IBM on Hugging Face/GitHub.,https://arxiv.org/abs/2310.18660,https://huggingface.co/ibm-nasa-geospatial,,,single_modality,Single-modality encoders,1,4,curated_reported_evaluations,Strong EO FM for optical/HLS,Narrower than multimodal models but a major first-generation open EO FM.,
prithvi-eo-2-0,Prithvi-EO-2.0,Earth observation foundation model,Vision / multimodal EO FM,"NASA HLS Landsat + Sentinel-2 optical multispectral time series at 30 m, with geolocation and date embeddings.","['optical', 'time series']","MAE/ViT with 3D patch embeddings and temporal-location encodings; 300M, 300M-TL, 600M, and 600M-TL variants.","['Transformer', 'MAE/MIM']",transformer_masked,Transformer / masked-reconstruction encoder,"7 named downstream tasks/datasets: Sen1Floods11 flood detection, wildfire scar detection, burn scar intensity, Landslide4Sense landslide detection, US multi-temporal crop segmentation, European multi-temporal land-cover/crop classification, BioMassters above-ground biomass estimation.","['semantic segmentation', 'scene classification', 'crop-type mapping', 'flood mapping', 'burn-scar mapping', 'regression / estimation', 'time-series analysis']","4.2M global time-series samples, 45,568 validation samples, >7 years of HLS imagery; 300M and 600M parameter models.",open,Open,Open source: model weights and GitHub code available.,https://arxiv.org/abs/2412.02732,,https://huggingface.co/ibm-nasa-geospatial/Prithvi-EO-2.0-300M,,single_modality,Single-modality encoders,1,7,curated_reported_evaluations,Strong EO FM,Major upgraded Prithvi row; more robust global training than EO-1.0.,
tessera,TESSERA,Earth observation foundation model,SAR / radar-specialized FM,Sentinel-1 SAR plus Sentinel-2 optical time series; pixel-wise multimodal annual surface representations.,"['optical', 'SAR', 'time series']",Pixel-wise EO FM using Barlow Twins self-supervision and sparse temporal sampling; produces compact embeddings rather than only task-specific outputs.,[],embedding_field,Embedding product / representation field,"Six representative benchmarks: TreeSatAI-TS tree species classification, PASTIS-R parcel segmentation, Austrian Crop classification, BioMassters above-ground biomass regression, Borneo canopy-height regression, Austrian Crop semantic segmentation. General use includes land-cover, crop, biomass, canopy, and environmental monitoring.","['semantic segmentation', 'scene classification', 'crop-type mapping', 'regression / estimation']","Produces global annual 10 m embeddings, 128-D latent representation, int8 embedding products; trained over petabyte-scale Sentinel data. Exact token count not reported in reviewed source.",open,Open,"Open source: model weights, code, and embeddings/datasets reported as available.",https://arxiv.org/abs/2506.20380,https://github.com/ucam-eo/tessera,https://github.com/ucam-eo/geotessera,,multi_modality,Multi-modality encoders,2,6,curated_reported_evaluations,Strong EO FM / embedding FM,"Very relevant because it supplies analysis-ready global embeddings, not only a model checkpoint.",
alphaearth-foundations,AlphaEarth Foundations,Earth observation foundation model,Earth-system / climate FM,"Multisource EO and geospatial observations: optical, radar, 3D laser/LiDAR-like information, climate, Landsat/Sentinel and other public sources integrated into embedding fields.","['optical', 'SAR', 'LiDAR', 'climate']","Embedding field model for global mapping from sparse labels; assimilates spatial, temporal, and measurement context into compact annual representations.",[],embedding_field,Embedding product / representation field,"Evaluated/advertised for classification, regression, change detection, similarity search, land-use/land-cover mapping, ecosystem/habitat mapping, agriculture/crop mapping, and surface property estimation.","['land-cover mapping', 'scene classification', 'crop-type mapping', 'change detection', 'regression / estimation']",Trained on petabytes of EO data; released as annual 64-band/64-D embedding fields from 2017 onward at roughly 10 m grid scale; about 16x smaller storage than some alternatives.,closed,Closed,Partial / closed: embeddings available through Google Earth Engine; full training code/weights not fully open in the same way as TerraMind/Prithvi.,https://arxiv.org/abs/2507.22291,,https://developers.google.com/earth-engine/datasets/catalog/GOOGLE_SATELLITE_EMBEDDING_V1_ANNUAL,https://deepmind.google/blog/alphaearth-foundations-helps-map-our-planet-in-unprecedented-detail/,generalist,Generalist models,4,8,curated_reported_evaluations,Strong Earth/EO embedding FM,Very strong as an embedding product; less open as a retrainable model.,
clay-v1-5,Clay v1.5,Earth observation foundation model,Vision / multimodal EO FM,"Multi-sensor imagery and metadata: Sentinel-1, Sentinel-2, Landsat, NAIP, LINZ, MODIS and other satellite/aerial data; includes location, time, GSD, and band metadata.","['optical', 'SAR', 'aerial']",Geospatial MAE/ViT with dynamic embedding for arbitrary bands and sensors; two-stage transformer and DINO/teacher-style representation components in v1.5 materials.,"['Transformer', 'MAE/MIM']",joint_embedding,Joint-embedding / contrastive-predictive encoder,"Embeddings/fine-tuning for classification, regression, generative tasks, crop and land-cover mapping, above-ground biomass/productivity, change detection, deforestation, wildfire, flood, destruction/urban development monitoring.","['land-cover mapping', 'scene classification', 'crop-type mapping', 'change detection', 'flood mapping', 'burn-scar mapping', 'regression / estimation']","About 70M globally sampled image chips; roughly 6,400 H100 GPU-hours reported for training. Token count not reported in TerraMind-style units.",open,Open,Open source: Apache-2.0-style code/weights model resources reported.,https://clay-foundation.github.io/model/,,,https://clay-foundation.github.io/model/,multi_modality,Multi-modality encoders,2,7,task_label_count_fallback,Strong EO FM,One of the most practically accessible open geospatial FMs.,
satmae,SatMAE,Earth observation foundation model,Vision / multimodal EO FM,"Primarily multispectral satellite imagery, with spatial and temporal grouping variants for Sentinel/fMoW-style data.","['optical', 'time series']",Masked Autoencoder adapted to satellite imagery; grouped patch embedding for spectral and temporal structure.,"['Transformer', 'MAE/MIM']",transformer_masked,Transformer / masked-reconstruction encoder,"Scene classification, land-cover classification, semantic segmentation, and transfer to datasets such as EuroSAT, fMoW-Sentinel, BigEarthNet-style classification, and segmentation datasets.","['semantic segmentation', 'scene classification', 'multi-label classification']",Training uses large RS image corpora such as fMoW-Sentinel/fMoW-RGB depending on variant; exact token count not consistently reported in public summaries.,partial,Partial / unclear,Open source / partial: code and some pretrained weights available in public repos.,https://proceedings.neurips.cc/paper_files/paper/2022/hash/01c561df365429f33fcd7a7faa44c985-Abstract-Conference.html,https://github.com/sustainlab-group/SatMAE,,,single_modality,Single-modality encoders,1,4,curated_reported_evaluations,Strong early EO FM,Foundational MAE baseline for many later EO FMs.,
scale-mae,Scale-MAE,Earth observation foundation model,Vision / multimodal EO FM,High-resolution optical remote-sensing images with scale/GSD metadata.,['optical'],Masked autoencoder with scale-aware positional encoding; ViT backbone adapted for different spatial resolutions.,"['Transformer', 'MAE/MIM']",transformer_masked,Transformer / masked-reconstruction encoder,"Scene classification, semantic segmentation, instance/object detection, and transfer to high-resolution RS benchmarks.","['semantic segmentation', 'scene classification', 'object detection']",Pretrained on large high-resolution remote-sensing imagery; exact token count not reported in public abstract/source reviewed.,partial,Partial / unclear,Open source / partial.,https://doi.org/10.1109/iccv51070.2023.00378,https://github.com/bair-climate-initiative/scale-mae,,,single_modality,Single-modality encoders,1,4,curated_reported_evaluations,Partial / strong for optical HR imagery,Good for spatial-scale robustness; less multimodal.,
croma,CROMA,Earth observation foundation model,SAR / radar-specialized FM,Sentinel-1 SAR and Sentinel-2 multispectral optical imagery.,"['optical', 'SAR']",Contrastive Radar-Optical Masked Autoencoder; dual-modality pretraining with radar-optical alignment.,"['Transformer', 'MAE/MIM']",joint_embedding,Joint-embedding / contrastive-predictive encoder,"Land-cover mapping/classification, crop mapping, flood mapping, burn scar/segmentation, and transfer to GEO-Bench/PANGAEA-style tasks.","['semantic segmentation', 'land-cover mapping', 'scene classification', 'crop-type mapping', 'flood mapping', 'burn-scar mapping']",Pretrained on large aligned Sentinel-1/Sentinel-2 pairs; exact token count not reported in source reviewed.,partial,Partial / unclear,Open source / partial.,https://arxiv.org/abs/2311.00566,https://github.com/antofuller/CROMA,,,multi_modality,Multi-modality encoders,2,5,curated_reported_evaluations,Strong multimodal EO FM,Important radar-optical baseline.,
skysense,SkySense,Earth observation foundation model,Vision / multimodal EO FM,"Multimodal remote-sensing imagery including optical, SAR, multispectral/time-series and high-resolution imagery.","['optical', 'SAR', 'time series']",Large multimodal RSFM with modular backbones that can be combined or used independently.,[],transformer_masked,Transformer / masked-reconstruction encoder,"16 datasets over 7 tasks; representative tasks include scene classification, land-use/land-cover classification, semantic segmentation, object detection, change detection, crop/agricultural mapping, and disaster/environmental monitoring.","['semantic segmentation', 'scene classification', 'crop-type mapping', 'object detection', 'change detection']",Reported as a billion-scale model pretrained on a curated multimodal RSI dataset of about 21.5M images.,partial,Partial / unclear,Partial/open: repository available; check exact pretrained-weight availability/licensing.,https://openaccess.thecvf.com/content/CVPR2024/html/Guo_SkySense_A_Multi-Modal_Remote_Sensing_Foundation_Model_Towards_Universal_Interpretation_CVPR_2024_paper.html,https://github.com/Jack-bo1220/SkySense,,,multi_modality,Multi-modality encoders,2,7,curated_reported_evaluations,Strong EO FM,One of the earlier large multimodal RSFMs.,
skysense-v2,SkySense V2,Earth observation foundation model,Vision / multimodal EO FM,Unified multimodal remote-sensing inputs with varying resolutions and modality prompts.,['text'],"Single Transformer backbone; adaptive patch merging, learnable modality prompt tokens, MoE module, SSL tailored for RS images.",['Transformer'],vision_language,Vision-language / EO MLLM,"16 datasets over 7 tasks; task families include scene classification, land-cover/land-use classification, semantic segmentation, object detection, change detection, crop/agricultural mapping, and disaster/environmental applications.","['semantic segmentation', 'scene classification', 'crop-type mapping', 'object detection', 'change detection']",Exact token count not in public abstract; model reports broad multimodal pretraining and average improvement over SkySense.,partial,Partial / unclear,Partial / likely open paper; verify code/weights status.,https://arxiv.org/abs/2507.13812,,,,vision_language,Vision-language / MLLM,3,16,extracted_from_description,Strong EO FM,Good row for newest SkySense family; avoid merging with original SkySense.,
spectralgpt,SpectralGPT,Earth observation foundation model,Spectral / hyperspectral FM,"Spectral / multispectral / hyperspectral remote-sensing images; supports varying image size, resolution, time series, and regions.","['optical', 'time series']",3D generative pretrained Transformer/GPT for spatial-spectral token generation and multi-target reconstruction.,"['Transformer', 'MLLM', 'Diffusion/Generative']",vision_language,Vision-language / EO MLLM,"Four downstream tasks: single-label scene classification, multi-label scene classification, semantic segmentation, and change detection.","['semantic segmentation', 'scene classification', 'multi-label classification', 'change detection']",Trained on 1M spectral RS images; models over 600M parameters.,partial,Partial / unclear,Open source / partial: paper and some implementations/checkpoints; verify official checkpoint license.,https://doi.org/10.1109/tpami.2024.3362475,https://github.com/danfenghong/IEEE_TPAMI_SpectralGPT,,,single_modality,Single-modality encoders,1,4,curated_reported_evaluations,Strong spectral EO FM,Strong if your table covers spectral FMs; less multimodal across sensors.,
spectralearth,SpectralEarth,Earth observation foundation model,Spectral / hyperspectral FM,"Hyperspectral EnMAP imagery, multi-temporal patches.","['optical', 'time series']",Hyperspectral FM suite using SSL backbones plus spectral adapters.,[],transformer_masked,Transformer / masked-reconstruction encoder,Four downstream datasets for land-cover and crop-type mapping; cross-sensor generalization and HSI classification/segmentation tasks.,"['semantic segmentation', 'scene classification', 'crop-type mapping']","538,974 image patches, 415,153 unique locations, >11,636 EnMAP scenes over 2 years; 17.5% multi-temporal locations.",open,Open,"Open source planned/reported: dataset, models and code to be made public.",https://doi.org/10.1109/jstars.2025.3581451,https://github.com/zhu-xlab/softcon,,,multi_modality,Multi-modality encoders,2,3,task_label_count_fallback,Strong hyperspectral EO FM,Important HSI-specific foundation model/dataset row.,
hypersigma,HyperSIGMA,Earth observation foundation model,Spectral / hyperspectral FM,Hyperspectral imagery.,['optical'],"Hyperspectral foundation model with spectral-spatial representation learning, adapted from vision foundation techniques.",[],transformer_masked,Transformer / masked-reconstruction encoder,"Hyperspectral classification, segmentation, target/anomaly detection and transfer across HSI datasets.","['semantic segmentation', 'scene classification']",Large HSI pretraining corpus; exact public token count not reported in reviewed source.,partial,Partial / unclear,Open source / partial.,https://arxiv.org/abs/2406.11519,https://github.com/WHU-Sigma/HyperSIGMA,,,single_modality,Single-modality encoders,1,2,task_label_count_fallback,Strong hyperspectral FM,Include as HSI branch; verify exact task list from paper for publication.,
s2mae,S2MAE,Earth observation foundation model,Spectral / hyperspectral FM,Sentinel-2 multispectral imagery.,['optical'],Sentinel-2 masked autoencoder with spectral-aware patch masking/reconstruction.,"['Transformer', 'MAE/MIM']",transformer_masked,Transformer / masked-reconstruction encoder,"Land-cover classification, scene classification, semantic segmentation and Sentinel-2 transfer tasks.","['semantic segmentation', 'scene classification']",Pretraining scale not clearly reported in registry source; token count not reported.,partial,Partial / unclear,Open source / partial.,https://openaccess.thecvf.com/content/CVPR2024/papers/Li_S2MAE_A_Spatial-Spectral_Pretraining_Foundation_Model_for_Spectral_Remote_Sensing_CVPR_2024_paper.pdf,,,,single_modality,Single-modality encoders,1,2,task_label_count_fallback,Partial / early EO FM,Sensor-specific MAE baseline.,
seco,SeCo,Earth observation foundation model,Vision / multimodal EO FM,Multispectral Sentinel-2 image time series.,"['optical', 'time series']",Seasonal contrastive self-supervised learning using temporal views of the same location.,[],joint_embedding,Joint-embedding / contrastive-predictive encoder,"Scene classification, land-cover mapping, crop classification, and transfer to downstream RS tasks.","['land-cover mapping', 'scene classification', 'crop-type mapping']",Large unlabeled Sentinel-2 time-series pretraining; exact token count not in source reviewed.,partial,Partial / unclear,Open source / partial.,https://arxiv.org/abs/2103.16607,,,,multi_modality,Multi-modality encoders,2,3,task_label_count_fallback,Pre-FM / partial EO FM,"Important predecessor, but not always counted as a full FM under strict modern definitions.",
satlaspretrain-satlasnet,SatlasPretrain / SatlasNet,Earth observation foundation model,Vision / multimodal EO FM,"Global satellite imagery, mainly optical/multispectral, with labels from a large geospatial atlas.",['optical'],Large-scale pretraining for geospatial computer vision; multitask supervised/self-supervised components depending on version.,[],transformer_masked,Transformer / masked-reconstruction encoder,"Object detection, land-cover/land-use classification, segmentation, building/road/solar/wind and other map-feature extraction tasks.","['semantic segmentation', 'scene classification', 'object detection']",Large global Satlas corpus; exact token count not reported in the same way as TerraMind.,partial,Partial / unclear,Open source / partial: datasets/models available with license constraints.,https://satlas.allen.ai/,,,,multi_modality,Multi-modality encoders,2,3,task_label_count_fallback,Strong geospatial CV FM / partial EO FM,"Excellent for map-feature extraction, less universal multimodal EO.",
gfm-billion-scale-rsfm,GFM / Billion-scale RSFM,Earth observation foundation model,Vision / multimodal EO FM,High-resolution optical remote-sensing imagery.,['optical'],"Scaled ViT foundation model family, including 86M, 605M, 1.3B, and 2.4B parameter models.",['Transformer'],transformer_masked,Transformer / masked-reconstruction encoder,Rotated object detection on DOTA v2.0 and DIOR-R; semantic segmentation on Potsdam and LoveDA.,"['semantic segmentation', 'object detection']","Model sizes 86M, 605M, 1.3B, 2.4B parameters; exact image/token count not in abstract snippet reviewed.",partial,Partial / unclear,Open source / partial: verify exact weight release.,https://arxiv.org/abs/2304.05215,,,,multi_modality,Multi-modality encoders,2,2,task_label_count_fallback,Partial / strong optical RS FM,Scale study more than a broad multimodal EO model.,
mmearth-mp-mae,MMEarth / MP-MAE,Earth observation foundation model,Vision / multimodal EO FM,12+ multimodal EO/geospatial modalities depending on dataset version; optical imagery with auxiliary geospatial modalities.,['optical'],Multi-Pretext Masked Autoencoder using ConvNeXt V2; learns optical representations from multimodal pretext tasks.,"['Transformer', 'MAE/MIM']",transformer_masked,Transformer / masked-reconstruction encoder,Image classification and semantic segmentation; also used/extended in MMEarth-Bench for five multimodal environmental tasks.,"['semantic segmentation', 'scene classification']","MMEarth pretraining dataset: 1.2M global locations. MMEarth-Bench: five tasks, 12 modalities, global in-/out-of-distribution splits.",partial,Partial / unclear,Open source / partial: dataset/code/project resources linked.,https://doi.org/10.1007/978-3-031-73039-9_10,,,https://vishalned.github.io/mmearth/,multi_modality,Multi-modality encoders,2,2,task_label_count_fallback,Strong multimodal pretraining dataset/model,More a model+dataset pretext framework than a single widely deployed checkpoint.,
omnisat,OmniSat,Earth observation foundation model,Vision / multimodal EO FM,"Aligned EO modalities: multispectral optical, SAR, aerial/spot time-series depending on augmented datasets.","['optical', 'SAR', 'time series', 'aerial']",Self-supervised modality fusion architecture that merges diverse EO modalities using alignment.,[],joint_embedding,Joint-embedding / contrastive-predictive encoder,"Three named task groups: forestry, land-cover classification, and crop mapping.","['scene classification', 'crop-type mapping']",Creates two multimodal datasets by augmenting existing datasets; exact token count not reported in abstract.,open,Open,Open source: code and datasets available.,https://doi.org/10.1007/978-3-031-73390-1_24,https://github.com/gastruc/OmniSat,,,multi_modality,Multi-modality encoders,2,2,task_label_count_fallback,Strong multimodal EO FM,Good multimodal fusion baseline.,
presto,Presto,Earth observation foundation model,Vision / multimodal EO FM,Pixel-level remote-sensing time series; multisensor tabular/time-series EO variables.,['time series'],Lightweight transformer for remote-sensing time series.,['Transformer'],transformer_masked,Transformer / masked-reconstruction encoder,"Segmentation, multilabel scene classification, regression, and globally distributed tasks; used for crop, land-cover, biomass/agriculture-like time-series applications.","['semantic segmentation', 'scene classification', 'crop-type mapping', 'regression / estimation']",Designed to be lightweight. Exact token count not reported in summary; trained on remote-sensing pixel time-series.,open,Open,Open source: MIT GitHub repository.,https://arxiv.org/abs/2304.14065,https://github.com/nasaharvest/presto,,,multi_modality,Multi-modality encoders,2,4,task_label_count_fallback,Partial / strong for time-series EO,"Not image-patch FM in the same sense as TerraMind, but very useful operationally.",
earthpt,EarthPT,Earth observation foundation model,Vision / multimodal EO FM,Optical spectral surface reflectance sequences over 400–2300 nm; temporal EO forecasting data.,"['optical', 'time series']",Autoregressive decoding Transformer around 700M parameters; learns to forecast future pixel-level surface reflectances.,['Transformer'],embedding_field,Embedding product / representation field,Dynamic land-use classification and temporally aware EO prediction/forecasting tasks.,"['scene classification', 'forecasting / prediction', 'time-series analysis']","700M parameters; paper describes very large potential token space, but exact realized token count should be verified from full paper.",partial,Partial / unclear,Partial / unclear.,https://arxiv.org/abs/2309.07207,https://github.com/aspiaspace/EarthPT,,,generalist,Generalist models,4,3,task_label_count_fallback,Emerging EO FM,More forecasting-oriented than segmentation benchmark-oriented.,
earthmae-earthview,EarthMAE / EarthView,Earth observation foundation model,Vision / multimodal EO FM,"Hyperspectral, multispectral, topographical, segmentation maps, and temporal structure from NEON/Sentinel/Satellogic.","['optical', 'time series']",Masked autoencoder for multimodal EarthView dataset.,"['Transformer', 'MAE/MIM']",transformer_masked,Transformer / masked-reconstruction encoder,Downstream remote-sensing tasks over Satellogic/NEON/Sentinel imagery; land-cover/segmentation-style adaptation.,['semantic segmentation'],"EarthView spans about 15 tera-pixels from NEON, Sentinel, and 1 m Satellogic imagery from 2017–2022.",partial,Partial / unclear,Open source / partial.,https://arxiv.org/abs/2301.04507,,,,multi_modality,Multi-modality encoders,2,1,task_label_count_fallback,Emerging EO FM/dataset,Include mainly as an important dataset-backed MAE effort.,
terrafm,TerraFM,Earth observation foundation model,SAR / radar-specialized FM,"Globally distributed Sentinel-1 SAR and Sentinel-2 optical imagery, with land-cover-aware sampling.","['optical', 'SAR']",Scalable self-supervised model using radar/optical as natural augmentations; modality-specific encoders and shared representation.,['Transformer'],transformer_masked,Transformer / masked-reconstruction encoder,"Scene classification, semantic segmentation, and transfer to land-cover/environmental tasks reported in paper.","['semantic segmentation', 'scene classification']",Globally distributed S1/S2 imagery with large spatial tiles; exact token count not reported in abstract.,partial,Partial / unclear,Partial / unclear.,https://arxiv.org/abs/2506.06281,https://github.com/mbzuai-oryx/TerraFM,,,multi_modality,Multi-modality encoders,2,2,task_label_count_fallback,Strong / emerging EO FM,Good for S1/S2 multimodal transfer.,
thor,THOR,Earth observation foundation model,Earth-system / climate FM,"Copernicus Sentinel-1, Sentinel-2, Sentinel-3 OLCI, and Sentinel-3 SLSTR at native 10 m to 1000 m resolutions.","['optical', 'SAR']",Compute-adaptive foundation model; randomized patch and image-size pretraining; flexible patch-size inference without retraining.,[],transformer_masked,Transformer / masked-reconstruction encoder,"PANGAEA-style downstream climate and society applications; strong in data-limited 10% split. Task families include land-cover, crop, flood, burn scar, marine/debris, and environmental monitoring.","['crop-type mapping', 'flood mapping', 'burn-scar mapping']","Pretrained on THOR Pretrain, a new large-scale multi-sensor dataset. Exact token count not reported in abstract.",partial,Partial / unclear,Open/partial: verify released code/weights after paper publication.,https://arxiv.org/abs/2601.16011,https://github.com/FM4CS/THOR,,,multi_modality,Multi-modality encoders,2,13,curated_reported_evaluations,Strong / emerging EO FM,"Very new 2026 model, important for native-resolution flexibility.",
olmoearth,OlmoEarth,Multimodal Earth observation foundation model,Multimodal / generative EO FM,Multimodal spatio-temporal EO imagery and auxiliary geospatial modalities.,"['optical', 'SAR', 'DEM', 'climate', 'time series']",Stable latent image modeling for multimodal Earth observation.,"['Generative', 'Representation learning']",generative_hybrid,Any-to-any generative / hybrid multimodal system,"Embeddings evaluated on 24 tasks; full fine-tuning reported on 29 tasks, including classification, segmentation, regression, and mapping applications. Exact task list should be checked against the paper when needed.","['semantic segmentation', 'scene classification', 'regression / estimation']","To be verified from the paper; source code, training data, and pretrained weights are reported as available.",open,Open,"Open source: code, training data, and pretrained weights reported available.",https://arxiv.org/abs/2511.13655,https://github.com/allenai/olmoearth_pretrain,,,generalist,Generalist models,4,29,curated_reported_evaluations,Strong / emerging EO FM,Important open multimodal EO foundation model. Full task names should be verified before using the count in a publication table.,
satmamba,SatMamba,Earth observation foundation model,Vision / multimodal EO FM,"High-resolution remote-sensing imagery, including long multiband/multitemporal sequences.",['time series'],Masked-autoencoding framework with State Space Model/Mamba backbone for linear scaling.,"['MAE/MIM', 'Mamba']",state_space,State-space / sequence model,"High-resolution imagery tasks: classification, segmentation, object detection/change style transfer tasks, depending on benchmark.","['semantic segmentation', 'scene classification', 'object detection']",Exact token count not reported in abstract; designed for long EO sequences where ViT quadratic scaling is costly.,open,Open,Open source: code available in HRSFM repository.,https://arxiv.org/abs/2502.00435,https://github.com/mdchuc/HRSFM,,,single_modality,Single-modality encoders,1,4,curated_reported_evaluations,Emerging EO FM,Architecture alternative to ViT/MAE.,
saratr-x,SARATR-X,Earth observation foundation model,SAR / radar-specialized FM,Synthetic Aperture Radar imagery.,['SAR'],"SAR-specialized foundation model, likely Transformer/MAE-style depending on variant.","['Transformer', 'MAE/MIM']",transformer_masked,Transformer / masked-reconstruction encoder,"SAR classification, detection, segmentation and transfer tasks.","['semantic segmentation', 'scene classification']",Training scale not available from registry source reviewed.,partial,Partial / unclear,Open source / partial.,https://ieeexplore.ieee.org/abstract/document/10856784,https://github.com/waterdisappear/SARATR-X,,,single_modality,Single-modality encoders,1,2,task_label_count_fallback,SAR-specific emerging FM,Verify paper before using in a formal exhaustive table.,
sarmae,SARMAE,Earth observation foundation model,SAR / radar-specialized FM,Synthetic Aperture Radar imagery.,['SAR'],SAR-specific masked autoencoder.,"['Transformer', 'MAE/MIM']",transformer_masked,Transformer / masked-reconstruction encoder,"SAR image classification, target recognition, segmentation/change tasks.","['semantic segmentation', 'scene classification', 'SAR target recognition']",Training scale not reported in registry source reviewed.,partial,Partial / unclear,Open source / partial.,https://arxiv.org/abs/2512.16635,https://github.com/MiliLab/SARMAE,,,single_modality,Single-modality encoders,1,3,task_label_count_fallback,SAR-specific partial FM,Included from latest RSFM registry.,
complex-sar-fm,Complex SAR FM,Earth observation foundation model,SAR / radar-specialized FM,Complex-valued SAR / PolSAR-like data.,['SAR'],Complex-valued foundation model architecture for SAR representations.,[],transformer_masked,Transformer / masked-reconstruction encoder,"SAR classification, segmentation and target/land-cover analysis.","['semantic segmentation', 'scene classification']",Training scale not reported in registry source reviewed.,partial,Partial / unclear,Partial / unclear.,https://doi.org/10.1109/tip.2026.3652417,,,,single_modality,Single-modality encoders,1,2,task_label_count_fallback,SAR-specific emerging FM,"Highly relevant to complex-valued SAR, but source-specific verification needed.",
crossearth-sar,CrossEarth-SAR,Earth observation foundation model,SAR / radar-specialized FM,SAR plus cross-modal/cross-domain EO data.,['SAR'],Cross-modal SAR representation learning / foundation model.,[],transformer_masked,Transformer / masked-reconstruction encoder,"SAR classification, segmentation, detection and cross-modal transfer tasks.","['semantic segmentation', 'scene classification']",Training scale not reported in registry source reviewed.,partial,Partial / unclear,Partial / unclear.,https://arxiv.org/abs/2603.12008,https://github.com/VisionXLab/CrossEarth-SAR,,,single_modality,Single-modality encoders,1,2,task_label_count_fallback,SAR-specific emerging FM,Registry-listed; needs full paper check before claiming exact tasks.,
ringmo,RingMo,Earth observation foundation model,Vision / multimodal EO FM,"Remote-sensing imagery, mainly optical/high-resolution imagery.",['optical'],Masked image modeling with ring-shaped masking strategy for RS images.,['MAE/MIM'],transformer_masked,Transformer / masked-reconstruction encoder,"Scene classification, object detection, semantic segmentation, and RS transfer tasks.","['semantic segmentation', 'scene classification', 'object detection']",Training scale varies by paper/version; exact token count not reported in registry source.,partial,Partial / unclear,Open source / partial.,https://ieeexplore.ieee.org/abstract/document/9844015,https://github.com/comeony/RingMo,,,multi_modality,Multi-modality encoders,2,3,task_label_count_fallback,Strong early RS FM,"Important Chinese RSFM family; later variants include RingMo-Sense, RingMo-Aerial, RingMoE, RingMamba.",
ringmo-sense,RingMo-Sense,Earth observation foundation model,Vision / multimodal EO FM,"Remote-sensing imagery, broader sensor support than original RingMo.",[],RingMo-family masked modeling for RS data.,['MAE/MIM'],transformer_masked,Transformer / masked-reconstruction encoder,"Classification, detection, segmentation, and change/land-cover transfer tasks.","['semantic segmentation', 'scene classification']",Training scale not reported in registry source reviewed.,partial,Partial / unclear,Open source / partial.,https://ieeexplore.ieee.org/abstract/document/10254320,,,,multi_modality,Multi-modality encoders,2,2,task_label_count_fallback,Strong / partial RS FM,Registry-listed RingMo family variant.,
ringmo-aerial,RingMo-Aerial,Earth observation foundation model,Vision / multimodal EO FM,Aerial/high-resolution optical imagery.,"['optical', 'aerial']",RingMo-family aerial-image foundation model.,[],transformer_masked,Transformer / masked-reconstruction encoder,"Aerial scene classification, object detection, segmentation and mapping tasks.","['semantic segmentation', 'scene classification', 'object detection']",Training scale not reported in registry source reviewed.,partial,Partial / unclear,Open source / partial.,https://doi.org/10.1109/tpami.2025.3602237,,,,multi_modality,Multi-modality encoders,2,3,task_label_count_fallback,Partial / aerial RS FM,Useful if your definition includes aerial RS.,
ringmoe,RingMoE,Earth observation foundation model,Vision / multimodal EO FM,"Remote-sensing imagery, multimodal/mixture expert variants.",[],Mixture-of-experts extension in RingMo family.,[],transformer_masked,Transformer / masked-reconstruction encoder,"Classification, detection, segmentation and RS transfer tasks.","['semantic segmentation', 'scene classification']",Training scale not reported in registry source reviewed.,partial,Partial / unclear,Partial / unclear.,https://doi.org/10.1109/tpami.2025.3643453,,,,multi_modality,Multi-modality encoders,2,2,task_label_count_fallback,Emerging RS FM,Registry-listed variant; needs full paper verification.,
ringmamba,RingMamba,Earth observation foundation model,Vision / multimodal EO FM,Remote-sensing imagery.,[],Mamba/state-space inspired RingMo-family architecture.,['Mamba'],state_space,State-space / sequence model,"Classification, segmentation, detection and transfer tasks.","['semantic segmentation', 'scene classification']",Training scale not reported in registry source reviewed.,partial,Partial / unclear,Partial / unclear.,https://doi.org/10.1109/tgrs.2025.3603998,https://github.com/ningerhhh/RIFR,,,multi_modality,Multi-modality encoders,2,2,task_label_count_fallback,Emerging RS FM,Architecture-diversity row.,
agrifm,AgriFM,Earth observation foundation model,SAR / radar-specialized FM,"Multi-source temporal remote-sensing data for agriculture, likely optical/SAR/time-series depending on dataset.","['optical', 'SAR', 'time series']",Agriculture-focused temporal RS foundation model.,[],transformer_masked,Transformer / masked-reconstruction encoder,"Crop mapping, crop-type classification, field/agricultural segmentation and agriculture monitoring.","['semantic segmentation', 'scene classification', 'crop-type mapping']",Training scale not reported in registry source reviewed.,partial,Partial / unclear,Partial / unclear.,https://doi.org/10.1016/j.rse.2026.115234,https://github.com/flyakon/AgriFM,,,multi_modality,Multi-modality encoders,2,3,task_label_count_fallback,Domain-specific EO FM,Strong domain specialization but narrower than general EO FMs.,
panopticon,Panopticon,Earth observation foundation model,Vision / multimodal EO FM,Remote-sensing imagery; likely high-resolution optical with dense labels.,['optical'],General RS visual foundation/pretraining model.,[],transformer_masked,Transformer / masked-reconstruction encoder,"Classification, segmentation, detection and panoptic-style RS tasks.","['semantic segmentation', 'scene classification']",Training scale not reported in registry source reviewed.,partial,Partial / unclear,Partial / unclear.,https://arxiv.org/abs/2503.10845,https://github.com/Panopticon-FM/panopticon,,,multi_modality,Multi-modality encoders,2,2,task_label_count_fallback,Emerging / partial EO FM,"Registry-listed, source-specific details need verification.",
maestro,MAESTRO,Earth observation foundation model,Vision / multimodal EO FM,Remote-sensing imagery and/or time-series depending on version.,['time series'],Masked/self-supervised EO representation model.,['MAE/MIM'],transformer_masked,Transformer / masked-reconstruction encoder,"Classification, segmentation and transfer tasks.","['semantic segmentation', 'scene classification']",Training scale not reported in registry source reviewed.,partial,Partial / unclear,Partial / unclear.,https://openaccess.thecvf.com/content/WACV2026/papers/Labatie_MAESTRO_Masked_AutoEncoders_for_Multimodal_Multitemporal_and_Multispectral_Earth_Observation_WACV_2026_paper.pdf,https://github.com/IGNF/MAESTRO,,,multi_modality,Multi-modality encoders,2,2,task_label_count_fallback,Emerging / partial EO FM,Registry-listed; fill exact tasks after full paper reading.,
mtp,MTP,Earth observation foundation model,Vision / multimodal EO FM,Remote-sensing imagery and temporal data.,['time series'],Multi-task/multi-temporal pretraining architecture.,[],transformer_masked,Transformer / masked-reconstruction encoder,"Classification, segmentation, detection/change and temporal transfer tasks.","['semantic segmentation', 'scene classification', 'time-series analysis']",Training scale not reported in registry source reviewed.,partial,Partial / unclear,Partial / unclear.,https://doi.org/10.1109/jstars.2024.3408154,https://github.com/ViTAE-Transformer/MTP,,,multi_modality,Multi-modality encoders,2,3,task_label_count_fallback,Partial EO FM,Registry-listed; not enough public summary detail for exact token count.,
rs-dfm,RS-DFM,Earth observation foundation model,Vision / multimodal EO FM,Remote-sensing collaborative perception data; aerial/drone-style multimodal scenes.,['aerial'],Distributed foundation model for collaborative remote-sensing perception.,[],transformer_masked,Transformer / masked-reconstruction encoder,"AirCo-MultiTasks: 3D object detection, instance segmentation, and trajectory prediction.","['semantic segmentation', 'object detection', 'forecasting / prediction']",Training scale not reported in abstract snippet reviewed.,partial,Partial / unclear,Partial / unclear.,https://arxiv.org/abs/2406.07035,,,,multi_modality,Multi-modality encoders,2,3,task_label_count_fallback,Specialized RS FM,More collaborative perception than classic satellite EO.,
oreole-fm,OReole-FM,Earth observation foundation model,Vision / multimodal EO FM,"Remote-sensing imagery, likely optical multispectral/high-resolution.",['optical'],Optical RS foundation model; masked/contrastive pretraining family.,['MAE/MIM'],joint_embedding,Joint-embedding / contrastive-predictive encoder,"Classification, detection, segmentation and transfer tasks.","['semantic segmentation', 'scene classification']",Training scale not reported in registry source reviewed.,partial,Partial / unclear,Partial / unclear.,https://doi.org/10.1145/3678717.3691292,,,,multi_modality,Multi-modality encoders,2,2,task_label_count_fallback,Emerging / partial EO FM,Registry-listed.,
satvision-toa,SatVision-TOA,Earth observation foundation model,Vision / multimodal EO FM,Top-of-atmosphere satellite imagery.,[],Foundation model for satellite imagery at TOA level.,[],transformer_masked,Transformer / masked-reconstruction encoder,"Classification, segmentation and transfer tasks for raw/TOA-like satellite data.","['semantic segmentation', 'scene classification']",Training scale not reported in registry source reviewed.,partial,Partial / unclear,Partial / unclear.,https://arxiv.org/abs/2411.17000,https://github.com/nasa-nccs-hpda/pytorch-caney,,,multi_modality,Multi-modality encoders,2,2,task_label_count_fallback,Emerging EO FM,Potentially important for physical/preprocessing-aware EO.,
wv-net,WV-Net,Earth observation foundation model,Vision / multimodal EO FM,WorldView/high-resolution commercial satellite imagery.,[],High-resolution satellite foundation/pretraining model.,[],transformer_masked,Transformer / masked-reconstruction encoder,"Object detection, segmentation, scene classification and high-resolution mapping.","['semantic segmentation', 'scene classification', 'object detection']",Training scale not reported in registry source reviewed.,partial,Partial / unclear,Partial / unclear.,https://arxiv.org/abs/2406.18765,,,,multi_modality,Multi-modality encoders,2,3,task_label_count_fallback,HR optical partial FM,Include if commercial/high-res EO is in scope.,
summit,SUMMIT,Earth observation foundation model,Vision / multimodal EO FM,Remote-sensing imagery; likely multimodal or multiscale visual inputs.,[],Self-supervised/multimodal RS foundation model.,[],transformer_masked,Transformer / masked-reconstruction encoder,"Classification, segmentation, detection/change transfer tasks.","['semantic segmentation', 'scene classification']",Training scale not reported in registry source reviewed.,partial,Partial / unclear,Partial / unclear.,https://doi.org/10.1016/j.jag.2025.104624,,,,multi_modality,Multi-modality encoders,2,2,task_label_count_fallback,Emerging / partial EO FM,Registry-listed; exact details need full paper verification.,
esfm,ESFM,Earth observation foundation model,Earth-system / climate FM,"Earth-system heterogeneous data: climate/weather grids, satellite data with missing values, station data and other spatio-temporal variables.","['climate', 'time series']",Earth System Foundation Model built on 3D Swin UNet/Aurora-style backbone with missing-data and heterogeneous-data extensions.,[],transformer_masked,Transformer / masked-reconstruction encoder,"Forecasting, climate/weather downstream applications, downscaling/assimilation-style tasks and heterogeneous Earth-system modeling.",['forecasting / prediction'],Exact token count not reported in abstract. Fully open model announced; Earth-system rather than pure EO imagery.,open,Open,Open source reported.,https://arxiv.org/abs/2605.00850,,,,generalist,Generalist models,4,1,task_label_count_fallback,Earth-system FM adjacent to EO,Include in an appendix or separate section if your table is strictly EO satellite imagery.,
prithvi-wxc,Prithvi WxC,Earth observation foundation model,Earth-system / climate FM,"Weather and climate variables from reanalysis/observation datasets, not primarily satellite imagery.",['climate'],2.3B parameter weather/climate foundation model.,[],transformer_masked,Transformer / masked-reconstruction encoder,"Autoregressive forecasting, downscaling, gravity wave flux parameterization, and extreme-event applications.",['forecasting / prediction'],2.3B parameters; trained on large weather/climate data such as MERRA-2 variables.,partial,Partial / unclear,Open source / partial: Hugging Face resources reported.,https://arxiv.org/abs/2409.13598,,,,single_modality,Single-modality encoders,1,1,task_label_count_fallback,Earth-system FM adjacent to EO,Useful for EO+climate table but separate from visual EO FMs.,
remoteclip,RemoteCLIP,EO / remote-sensing vision-language foundation model,Vision-language / MLLM,Image-text remote-sensing pairs; optical RS images plus captions/text.,"['optical', 'text']",CLIP-style contrastive vision-language model.,['CLIP/VLM'],vision_language,Vision-language / EO MLLM,"Image-text retrieval, zero-shot scene classification, caption-aligned RS search, visual-language transfer.","['scene classification', 'image-text retrieval', 'zero-shot classification', 'captioning']",Training scale varies by dataset; exact token/image count not in registry source reviewed.,partial,Partial / unclear,Open source / partial.,https://arxiv.org/abs/2306.11029,https://github.com/ChenDelong1999/RemoteCLIP,,,vision_language,Vision-language / MLLM,3,4,curated_reported_evaluations,RS vision-language FM,Not a pure visual EO FM; include if language-capable FMs are in scope.,
georsclip,GeoRSCLIP,EO / remote-sensing vision-language foundation model,Vision-language / MLLM,Remote-sensing imagery plus geospatial text/captions.,['text'],CLIP-style geospatial contrastive pretraining.,['CLIP/VLM'],vision_language,Vision-language / EO MLLM,"Zero-shot classification, image-text retrieval, cross-modal search and representation transfer.","['scene classification', 'image-text retrieval', 'zero-shot classification']",Training scale not reported in registry source reviewed.,partial,Partial / unclear,Open source / partial.,https://arxiv.org/abs/2306.11300,https://github.com/om-ai-lab/RS5M,,,vision_language,Vision-language / MLLM,3,3,task_label_count_fallback,RS VLM,Good for language-aligned EO retrieval.,
skyclip,SkyCLIP,EO / remote-sensing vision-language foundation model,Vision-language / MLLM,Remote-sensing image-text pairs.,['text'],CLIP-style contrastive model.,['CLIP/VLM'],vision_language,Vision-language / EO MLLM,"Image-text retrieval, zero-shot classification, caption search.","['scene classification', 'image-text retrieval', 'zero-shot classification', 'captioning']",Training scale not reported in registry source reviewed.,partial,Partial / unclear,Open source / partial.,https://arxiv.org/abs/2312.12856,https://github.com/wangzhecheng/SkyScript,,,vision_language,Vision-language / MLLM,3,4,task_label_count_fallback,RS VLM,Registry-listed.,
earthgpt,EarthGPT,EO / remote-sensing vision-language foundation model,Vision-language / MLLM,Remote-sensing images plus language prompts/instructions.,['text'],Multimodal large language model for RS/EO.,['CLIP/VLM'],vision_language,Vision-language / EO MLLM,"Visual question answering, captioning, scene understanding, object/region reasoning, instruction following.","['captioning', 'visual question answering', 'reasoning / instruction following']",Training scale not reported in registry source reviewed.,partial,Partial / unclear,Open source / partial.,https://doi.org/10.1109/tgrs.2024.3409624,https://github.com/wivizhang/EarthGPT,,,vision_language,Vision-language / MLLM,3,5,curated_reported_evaluations,RS MLLM,Language model rather than visual encoder-only FM.,
geochat,GeoChat,EO / remote-sensing vision-language foundation model,Vision-language / MLLM,Remote-sensing imagery plus language dialogue.,['text'],Remote-sensing multimodal chat/MLLM.,['MLLM'],vision_language,Vision-language / EO MLLM,"VQA, captioning, region grounding, image interpretation, visual reasoning.","['captioning', 'visual question answering', 'visual grounding / referring', 'reasoning / instruction following']",Training scale not reported in registry source reviewed.,partial,Partial / unclear,Open source / partial.,https://openaccess.thecvf.com/content/CVPR2024/html/Kuckreja_GeoChat_Grounded_Large_Vision-Language_Model_for_Remote_Sensing_CVPR_2024_paper.html,https://github.com/mbzuai-oryx/GeoChat,,,vision_language,Vision-language / MLLM,3,5,curated_reported_evaluations,RS MLLM,Useful in EO FM landscape but not always counted as sensor foundation model.,
rs-llava,RS-LLaVA,EO / remote-sensing vision-language foundation model,Vision-language / MLLM,Remote-sensing images plus instruction data.,[],LLaVA-style RS multimodal instruction model.,['MLLM'],vision_language,Vision-language / EO MLLM,"Captioning, VQA, scene/object reasoning, instruction following.","['captioning', 'visual question answering', 'reasoning / instruction following']",Training scale not reported in registry source reviewed.,partial,Partial / unclear,Open source / partial.,https://www.mdpi.com/2072-4292/16/9/1477,https://github.com/BigData-KSU/RS-LLaVA,,,vision_language,Vision-language / MLLM,3,3,task_label_count_fallback,RS MLLM,Instruction-tuned VLM.,
lhrs-bot,LHRS-Bot,EO / remote-sensing vision-language foundation model,Vision-language / MLLM,Large-scale high-resolution RS images plus text/instructions.,['text'],Remote-sensing chatbot/MLLM.,['MLLM'],vision_language,Vision-language / EO MLLM,"High-resolution RS VQA, captioning, scene interpretation, object reasoning.","['captioning', 'visual question answering', 'reasoning / instruction following']",Training scale not reported in registry source reviewed.,partial,Partial / unclear,Open source / partial.,https://arxiv.org/abs/2402.02544,https://github.com/NJU-LHRS/LHRS-Bot,,,vision_language,Vision-language / MLLM,3,3,task_label_count_fallback,RS MLLM,High-resolution language interface row.,
ringmogpt,RingMoGPT,EO / remote-sensing vision-language foundation model,Vision-language / MLLM,Remote-sensing images plus language prompts.,['text'],RingMo-family vision encoder connected to GPT/LLM.,"['Transformer', 'MLLM']",vision_language,Vision-language / EO MLLM,"Captioning, VQA, scene interpretation and RS dialogue.","['captioning', 'visual question answering', 'reasoning / instruction following']",Training scale not reported in registry source reviewed.,partial,Partial / unclear,Open source / partial.,https://ieeexplore.ieee.org/document/10777289,,,,vision_language,Vision-language / MLLM,3,3,task_label_count_fallback,RS MLLM,RingMo language branch.,
skysensegpt,SkySenseGPT,EO / remote-sensing vision-language foundation model,Vision-language / MLLM,SkySense visual representations plus LLM/instruction data.,[],SkySense-family multimodal language model.,['CLIP/VLM'],vision_language,Vision-language / EO MLLM,"VQA, captioning, image interpretation and dialogue.","['captioning', 'visual question answering', 'reasoning / instruction following']",Training scale not reported in registry source reviewed.,partial,Partial / unclear,Open source / partial.,https://arxiv.org/abs/2406.10100,https://github.com/Luo-Z13/SkySenseGPT,,,vision_language,Vision-language / MLLM,3,4,curated_reported_evaluations,RS MLLM,SkySense language branch.,
dofa-clip,DOFA-CLIP,EO / remote-sensing vision-language foundation model,Vision-language / MLLM,Spectral/EO imagery plus language alignment.,['text'],DOFA-style spectral dynamic encoder aligned with CLIP-like text space.,"['Transformer', 'CLIP/VLM']",vision_language,Vision-language / EO MLLM,"Zero-shot classification, image-text retrieval, spectral-language transfer.","['scene classification', 'image-text retrieval', 'zero-shot classification']",Training scale not reported in registry source reviewed.,partial,Partial / unclear,Open source / partial.,https://arxiv.org/abs/2503.06312,https://github.com/xiong-zhitong/GeoLB-SigLIP,,,vision_language,Vision-language / MLLM,3,3,task_label_count_fallback,RS VLM,Interesting bridge between DOFA and CLIP.,
geoground,GeoGround,EO / remote-sensing vision-language foundation model,Vision-language / MLLM,Remote-sensing imagery plus grounding expressions.,[],Vision-language grounding model.,['CLIP/VLM'],vision_language,Vision-language / EO MLLM,"Referring-expression grounding, object localization, region-text alignment.",['visual grounding / referring'],Training scale not reported in registry source reviewed.,partial,Partial / unclear,Open source / partial.,https://arxiv.org/abs/2411.11904,https://github.com/zytx121/GeoGround,,,vision_language,Vision-language / MLLM,3,1,task_label_count_fallback,RS VLM/grounding,"Grounding-specific, not a general sensor FM.",
rsunivlm,RSUniVLM,EO / remote-sensing vision-language foundation model,Vision-language / MLLM,Remote-sensing images plus language.,['text'],Unified RS vision-language model.,['CLIP/VLM'],vision_language,Vision-language / EO MLLM,"VQA, captioning, retrieval, grounding/segmentation-style language tasks.","['semantic segmentation', 'image-text retrieval', 'captioning', 'visual question answering', 'visual grounding / referring']",Training scale not reported in registry source reviewed.,partial,Partial / unclear,Open source / partial.,https://arxiv.org/abs/2412.05679,,,,vision_language,Vision-language / MLLM,3,5,task_label_count_fallback,RS VLM,Registry-listed unified VLM.,
reo-vlm,REO-VLM,EO / remote-sensing vision-language foundation model,Vision-language / MLLM,EO imagery plus language.,['text'],EO vision-language model.,['CLIP/VLM'],vision_language,Vision-language / EO MLLM,"VQA, captioning, retrieval, visual reasoning.","['image-text retrieval', 'captioning', 'visual question answering', 'reasoning / instruction following']",Training scale not reported in registry source reviewed.,partial,Partial / unclear,Open source / partial.,https://arxiv.org/abs/2412.16583,,,,vision_language,Vision-language / MLLM,3,4,task_label_count_fallback,EO VLM,Registry-listed.,
fusar-gpt,FUSAR-GPT,EO / remote-sensing vision-language foundation model,Vision-language / MLLM,SAR imagery plus language.,"['SAR', 'text']",SAR-specialized GPT/MLLM architecture.,['MLLM'],vision_language,Vision-language / EO MLLM,"SAR interpretation, captioning, VQA, target/scene reasoning.","['captioning', 'visual question answering', 'reasoning / instruction following']",Training scale not reported in registry source reviewed.,partial,Partial / unclear,Open source / partial.,https://arxiv.org/abs/2602.19190,,,,vision_language,Vision-language / MLLM,3,3,task_label_count_fallback,SAR MLLM,Include in SAR language-capable appendix.,
sarclip,SARCLIP,EO / remote-sensing vision-language foundation model,Vision-language / MLLM,SAR imagery plus text.,"['SAR', 'text']",CLIP-style contrastive SAR-language model.,['CLIP/VLM'],vision_language,Vision-language / EO MLLM,"SAR image-text retrieval, zero-shot SAR classification, semantic SAR search.","['scene classification', 'image-text retrieval', 'zero-shot classification']",Training scale not reported in registry source reviewed.,partial,Partial / unclear,Open source / partial.,https://doi.org/10.1016/j.isprsjprs.2025.10.011,,https://huggingface.co/BiliSakura/SARCLIP-ViT-L-14,,vision_language,Vision-language / MLLM,3,3,task_label_count_fallback,SAR VLM,Registry-listed.,
earthdial,EarthDial,EO / remote-sensing vision-language foundation model,Vision-language / MLLM,EO imagery plus dialogue/instruction data.,['text'],Dialogue-oriented EO MLLM.,['MLLM'],vision_language,Vision-language / EO MLLM,"Remote-sensing dialogue, VQA, captioning, interpretation.","['captioning', 'visual question answering', 'reasoning / instruction following']",Training scale not reported in registry source reviewed.,partial,Partial / unclear,Open source / partial.,https://openaccess.thecvf.com/content/CVPR2025/html/Soni_EarthDial_Turning_Multi-sensory_Earth_Observations_to_Interactive_Dialogues_CVPR_2025_paper.html,https://github.com/hiyamdebary/EarthDial,,,vision_language,Vision-language / MLLM,3,3,task_label_count_fallback,EO MLLM,Registry-listed.,
teochat,TEOChat,EO / remote-sensing vision-language foundation model,Vision-language / MLLM,EO imagery plus language.,['text'],Chat-oriented EO multimodal model.,['MLLM'],vision_language,Vision-language / EO MLLM,"VQA, captioning, dialogue, scene interpretation.","['captioning', 'visual question answering', 'reasoning / instruction following']",Training scale not reported in registry source reviewed.,partial,Partial / unclear,Open source / partial.,https://arxiv.org/abs/2410.06234,https://github.com/ermongroup/TEOChat,,,vision_language,Vision-language / MLLM,3,3,task_label_count_fallback,EO MLLM,Registry-listed.,
lisat,LISAt,EO / remote-sensing vision-language foundation model,Vision-language / MLLM,Remote-sensing imagery plus language/segmentation prompts.,['text'],Language-instructed segmentation model.,['CLIP/VLM'],vision_language,Vision-language / EO MLLM,"Referring segmentation, semantic segmentation with text prompts, region grounding.","['semantic segmentation', 'visual grounding / referring']",Training scale not reported in registry source reviewed.,partial,Partial / unclear,Open source / partial.,https://arxiv.org/abs/2505.02829,,,,vision_language,Vision-language / MLLM,3,3,curated_reported_evaluations,RS segmentation VLM,More segmentation model than universal FM.,
rsgpt,RSGPT,EO / remote-sensing vision-language foundation model,Vision-language / MLLM,Remote-sensing imagery plus text/instructions.,['text'],GPT-style RS multimodal model.,['MLLM'],vision_language,Vision-language / EO MLLM,"Captioning, VQA, scene interpretation, visual reasoning.","['captioning', 'visual question answering', 'reasoning / instruction following']",Training scale not reported in registry source reviewed.,partial,Partial / unclear,Open source / partial.,https://doi.org/10.1016/j.isprsjprs.2025.04.001,https://github.com/Lavender105/RSGPT,,,vision_language,Vision-language / MLLM,3,3,task_label_count_fallback,RS MLLM,Registry-listed.,
geopix,GeoPix,EO / remote-sensing vision-language foundation model,Vision-language / MLLM,Geospatial imagery plus language/pixel tasks.,['text'],Vision-language/pixel model for geospatial imagery.,['CLIP/VLM'],vision_language,Vision-language / EO MLLM,"Grounded captioning, VQA, segmentation/pixel reasoning depending on version.","['semantic segmentation', 'captioning', 'visual question answering', 'reasoning / instruction following']",Training scale not reported in registry source reviewed.,partial,Partial / unclear,Open source / partial.,https://arxiv.org/abs/2501.06828,https://github.com/Norman-Ou/GeoPix,,,vision_language,Vision-language / MLLM,3,4,task_label_count_fallback,Geo VLM,Newer registry-listed row.,
